slug	focus_keyword	measured_volume	gate_status	category	archetype	write_status	load_status	clashes_with	attempts	usd
spss	spss	14800	measured	spss	spss-howto	repaired	scheduled		2	0.01684
cfa	cfa	8100	measured	thong-ke	term-la-gi	ok	scheduled		1	0.00735
phieu-khao-sat-online	phiếu khảo sát online	14800	measured	khao-sat	survey	ok	scheduled		1	0.00704
nghien-cuu-khoa-hoc	nghiên cứu khoa học	6600	measured	nghien-cuu-khoa-hoc	term-la-gi	ok	scheduled		1	0.00690
cach-ghi-tai-lieu-tham-khao	cách ghi tài liệu tham khảo	14800	measured	khoa-luan-tot-nghiep	thesis-writing	repaired	scheduled		2	0.01676
smart-pls	smart pls	2400	measured	smartpls	term-la-gi	ok	scheduled		1	0.00757
thap-nhu-cau-maslow	tháp nhu cầu maslow	14800	measured	mo-hinh-nghien-cuu	model-theory	ok	scheduled		1	0.00733
ma-tran-xoay	ma trận xoay	6600	measured	spss	spss-howto	repaired	scheduled		2	0.01565
do-lech-chuan	độ lệch chuẩn	8100	measured	thong-ke	term-la-gi	ok	scheduled		1	0.00682
bieu-mau-khao-sat	biểu mẫu khảo sát	9900	measured	khao-sat	survey	ok	scheduled		1	0.00734
nckh-la-gi	nckh là gì	2900	measured	nghien-cuu-khoa-hoc	term-la-gi	ok	scheduled		1	0.00785
cach-trich-dan-tai-lieu-tham-khao	cách trích dẫn tài liệu tham khảo	9900	measured	khoa-luan-tot-nghiep	thesis-writing	ok	refused-duplicate	cach-ghi-tai-lieu-tham-khao	1	0.00758
sem-la-gi	sem là gì	1300	measured	smartpls	term-la-gi	ok	scheduled		1	0.00765
mo-hinh-swot	mô hình swot	3600	measured	mo-hinh-nghien-cuu	model-theory	ok	scheduled		1	0.00823
cronbach-alpha	cronbach alpha	1300	measured	spss	spss-howto	ok	scheduled		1	0.00715
phuong-sai	phương sai	8100	measured	thong-ke	term-la-gi	ok	scheduled		1	0.00690
form-khao-sat	form khảo sát	6600	measured	khao-sat	survey	ok	refused-duplicate	gg-form-khao-sat	1	0.00744
dinh-tinh-la-gi	định tính là gì	1900	measured	nghien-cuu-khoa-hoc	term-la-gi	ok	scheduled		1	0.00707
abstract	abstract	8100	measured	khoa-luan-tot-nghiep	thesis-writing	ok	scheduled		1	0.00696
ave-la-gi	ave là gì	1000	measured	smartpls	smartpls-howto	ok	scheduled		1	0.00718
porter-s-five-forces	porter's five forces	2900	measured	mo-hinh-nghien-cuu	model-theory	ok	scheduled		1	0.00754
amos	amos	1000	measured	spss	term-la-gi	ok	scheduled		1	0.00718
outlier	outlier	6600	measured	thong-ke	term-la-gi	repaired	scheduled		2	0.01537
bang-hoi-la-gi	bảng hỏi là gì	4400	measured	khao-sat	survey	ok	scheduled		1	0.00719
linh-vuc-nghien-cuu	lĩnh vực nghiên cứu	1900	measured	nghien-cuu-khoa-hoc	term-la-gi	ok	scheduled		1	0.00714
thac-si	thạc sĩ	6600	measured	khoa-luan-tot-nghiep	thesis-writing	ok	scheduled		1	0.00873
partial-least-squares-la-gi	partial least squares là gì	880	measured	smartpls	term-la-gi	ok	scheduled		1	0.00743
mo-hinh-aida	mô hình aida	1600	measured	mo-hinh-nghien-cuu	model-theory	ok	scheduled		1	0.00754
efa	efa	1000	measured	spss	spss-howto	ok	scheduled		1	0.00771
outliers	outliers	6600	measured	thong-ke	term-la-gi	ok	scheduled		1	0.00743
co-mau-la-gi	cỡ mẫu là gì	4400	measured	khao-sat	term-la-gi	ok	scheduled		1	0.00712
doi-tuong-nghien-cuu	đối tượng nghiên cứu	1600	measured	nghien-cuu-khoa-hoc	term-la-gi	ok	scheduled		1	0.00703
check-turnitin	check turnitin	5400	measured	khoa-luan-tot-nghiep	thesis-writing	repaired	scheduled		2	0.01600
pls-sem	pls-sem	720	measured	smartpls	term-la-gi	ok	scheduled		1	0.00753
mo-hinh-servqual	mô hình servqual	1300	measured	mo-hinh-nghien-cuu	model-theory	ok	refused-duplicate	servqual	1	0.00824
hoi-quy-tuyen-tinh	hồi quy tuyến tính	1000	measured	spss	spss-howto	ok	scheduled		1	0.00817
cong-thuc-tinh-phuong-sai	công thức tính phương sai	5400	measured	thong-ke	term-la-gi	repaired	scheduled		2	0.01489
khao-sat-google	khảo sát google	1900	measured	khao-sat	survey	ok	refused-duplicate	bieu-mau-khao-sat	1	0.00717
dinh-luong-la-gi	định lượng là gì	1300	measured	nghien-cuu-khoa-hoc	term-la-gi	ok	scheduled		1	0.00734
phu-luc-la-gi	phụ lục là gì	3600	measured	khoa-luan-tot-nghiep	thesis-writing	ok	scheduled		1	0.00774
mo-hinh-sem	mô hình sem	480	measured	smartpls	term-la-gi	ok	refused-duplicate	pls-sem	1	0.00709
gia-thuyet-la-gi	giả thuyết là gì	1000	measured	mo-hinh-nghien-cuu	model-theory	ok	scheduled		1	0.00745
thong-ke-mo-ta	thống kê mô tả	480	measured	spss	spss-howto	ok	scheduled		1	0.00714
moderating	moderating	5400	measured	thong-ke	term-la-gi	ok	scheduled		1	0.00741
likert-scale-la-gi	likert scale là gì	1900	measured	khao-sat	survey	ok	scheduled		1	0.00777
du-lieu-thu-cap-la-gi	dữ liệu thứ cấp là gì	1300	measured	nghien-cuu-khoa-hoc	term-la-gi	repaired	scheduled		2	0.01560
khoa-luan-tot-nghiep	khóa luận tốt nghiệp	2900	measured	khoa-luan-tot-nghiep	thesis-writing	ok	scheduled		1	0.00797
r-square	r square	480	measured	smartpls	smartpls-howto	repaired	scheduled		2	0.01566
mo-hinh-tam	mô hình tam	1000	measured	mo-hinh-nghien-cuu	model-theory	ok	scheduled		1	0.00846
bieu-do-boxplot	biểu đồ boxplot	390	measured	spss	spss-howto	ok	scheduled		1	0.00810
moderator	moderator	5400	measured	thong-ke	term-la-gi	repaired	scheduled		2	0.01477
thang-do-likert	thang đo likert	1600	measured	khao-sat	term-la-gi	ok	scheduled		1	0.00733
co-so-ly-luan-la-gi	cơ sở lý luận là gì	1000	measured	nghien-cuu-khoa-hoc	term-la-gi	ok	scheduled		1	0.00733
de-tai-nckh	đề tài nckh	2400	measured	khoa-luan-tot-nghiep	topic-list	ok	scheduled		1	0.00823
bien-dieu-tiet	biến điều tiết	260	measured	smartpls	smartpls-howto	repaired	scheduled		2	0.01595
servqual	servqual	880	measured	mo-hinh-nghien-cuu	model-theory	ok	scheduled		1	0.00822
bai-tap-hoi-quy-tuyen-tinh-co-loi-giai	bài tập hồi quy tuyến tính có lời giải	320	measured	spss	spss-howto	repaired	refused-duplicate	hoi-quy-tuyen-tinh	2	0.01547
trung-vi	trung vị	5400	measured	thong-ke	term-la-gi	ok	scheduled		1	0.00710
thang-do-likert-5-muc-do	thang đo likert 5 mức độ	1600	measured	khao-sat	survey	ok	refused-duplicate	thang-do-likert	1	0.00697
dinh-tinh-va-dinh-luong-la-gi	định tính và định lượng là gì	1000	measured	nghien-cuu-khoa-hoc	term-la-gi	ok	refused-duplicate	dinh-tinh-la-gi	1	0.00726
phuong-phap-nghien-cuu-khoa-hoc	phương pháp nghiên cứu khoa học	2400	measured	khoa-luan-tot-nghiep	thesis-writing	repaired	refused-duplicate	nghien-cuu-khoa-hoc	2	0.01687
vif-la-gi	vif là gì	260	measured	smartpls	smartpls-howto	repaired	scheduled		2	0.01523
mo-hinh-nghien-cuu	mô hình nghiên cứu	720	measured	mo-hinh-nghien-cuu	model-theory	repaired	refused-duplicate	nghien-cuu-khoa-hoc	2	0.01650
hoi-quy-logistic	hồi quy logistic	320	measured	spss	spss-howto	ok	scheduled		1	0.00767
cong-thuc-phuong-sai	công thức phương sai	4400	measured	thong-ke	term-la-gi	ok	refused-duplicate	phuong-sai	1	0.00718
phieu-khao-sat	phiếu khảo sát	1300	measured	khao-sat	survey	ok	refused-duplicate	bieu-mau-khao-sat	1	0.00768
phuong-phap-luan-la-gi	phương pháp luận là gì	1000	measured	nghien-cuu-khoa-hoc	term-la-gi	ok	scheduled		1	0.00794
luan-van	luận văn	1900	measured	khoa-luan-tot-nghiep	thesis-writing	ok	scheduled		1	0.00782
cb-sem-la-gi	cb sem là gì	40	measured	smartpls	term-la-gi	ok	refused-duplicate	sem-la-gi	1	0.00732
gia-thiet-hay-gia-thuyet	giả thiết hay giả thuyết	590	measured	mo-hinh-nghien-cuu	model-theory	ok	scheduled		1	0.00826
mo-hinh-hoi-quy-tuyen-tinh	mô hình hồi quy tuyến tính	320	measured	spss	spss-howto	repaired	refused-duplicate	hoi-quy-tuyen-tinh	2	0.01662
scale-la-gi	scale là gì	4400	measured	thong-ke	term-la-gi	repaired	refused-duplicate	likert-scale-la-gi	2	0.01518
gg-form-khao-sat	gg form khảo sát	1000	measured	khao-sat	survey	ok	scheduled		1	0.00732
bai-nghien-cuu-khoa-hoc	bài nghiên cứu khoa học	880	measured	nghien-cuu-khoa-hoc	term-la-gi	ok	refused-duplicate	nghien-cuu-khoa-hoc	1	0.00722
dao-van	đạo văn	1600	measured	khoa-luan-tot-nghiep	thesis-writing	ok	scheduled		1	0.00712
ave-trong-smartpls	ave trong smartpls	10	measured	smartpls	smartpls-howto	ok	scheduled		1	0.00748
mo-hinh-tpb	mô hình tpb	590	measured	mo-hinh-nghien-cuu	model-theory	ok	scheduled		1	0.00751
tuong-quan-pearson	tương quan pearson	320	measured	spss	spss-howto	repaired	scheduled		2	0.01680
mediator	mediator	3600	measured	thong-ke	term-la-gi	ok	scheduled		1	0.00693
tao-form-khao-sat	tạo form khảo sát	1000	measured	khao-sat	survey	ok	refused-duplicate	gg-form-khao-sat	1	0.00763
du-lieu-so-cap	dữ liệu sơ cấp	720	measured	nghien-cuu-khoa-hoc	term-la-gi	ok	scheduled		1	0.00676
de-cuong-nghien-cuu-khoa-hoc	đề cương nghiên cứu khoa học	1600	measured	khoa-luan-tot-nghiep	thesis-writing	ok	refused-duplicate	nghien-cuu-khoa-hoc	1	0.00792
bien-dieu-tiet-trong-smartpls	biến điều tiết trong smartpls	10	measured	smartpls	smartpls-howto	ok	scheduled		1	0.00809
ly-thuyet-la-gi	lý thuyết là gì	480	measured	mo-hinh-nghien-cuu	model-theory	ok	scheduled		1	0.00808
cach-nhan-xet-bang-tan-so	cách nhận xét bảng tần số	260	measured	spss	spss-howto	ok	scheduled		1	0.00717
std-la-gi	std là gì	3600	measured	thong-ke	term-la-gi	repaired	scheduled		2	0.01636
google-form-khao-sat	google form khảo sát	880	measured	khao-sat	survey	ok	refused-duplicate	gg-form-khao-sat	1	0.00718
vi-du-ve-cau-hoi-dinh-luong	ví dụ về câu hỏi định lượng	720	measured	nghien-cuu-khoa-hoc	term-la-gi	ok	scheduled		1	0.00701
phuong-phap-nghien-cuu	phương pháp nghiên cứu	1300	measured	khoa-luan-tot-nghiep	thesis-writing	ok	scheduled		1	0.00780
mo-hinh-la-gi	mô hình là gì	480	measured	mo-hinh-nghien-cuu	model-theory	ok	scheduled		1	0.00817
phan-mem-stata	phần mềm stata	260	measured	spss	term-la-gi	repaired	scheduled		2	0.01651
cach-tinh-phuong-sai	cách tính phương sai	2900	measured	thong-ke	term-la-gi	ok	refused-duplicate	cong-thuc-tinh-phuong-sai	1	0.00689
cong-thuc-tinh-co-mau	công thức tính cỡ mẫu	480	measured	khao-sat	survey	ok	refused-duplicate	tinh-co-mau	1	0.00734
du-lieu-dinh-luong-la-gi	dữ liệu định lượng là gì	590	measured	nghien-cuu-khoa-hoc	term-la-gi	repaired	refused-duplicate	dinh-luong-la-gi	2	0.01553
gia-thuyet-nghien-cuu-la-gi	giả thuyết nghiên cứu là gì	1000	measured	khoa-luan-tot-nghiep	thesis-writing	ok	refused-duplicate	gia-thuyet-la-gi	1	0.00809
bien-kiem-soat-la-gi	biến kiểm soát là gì	390	measured	mo-hinh-nghien-cuu	term-la-gi	ok	scheduled		1	0.00743
phuong-trinh-hoi-quy-tuyen-tinh	phương trình hồi quy tuyến tính	260	measured	spss	spss-howto	ok	refused-duplicate	hoi-quy-tuyen-tinh	1	0.00768
median	median	2900	measured	thong-ke	term-la-gi	ok	scheduled		1	0.00692
khao-sat-la-gi	khảo sát là gì	480	measured	khao-sat	survey	ok	scheduled		1	0.00713
khach-the-nghien-cuu-la-gi	khách thể nghiên cứu là gì	480	measured	nghien-cuu-khoa-hoc	term-la-gi	repaired	scheduled		2	0.01502
ly-do-chon-de-tai	lý do chọn đề tài	1000	measured	khoa-luan-tot-nghiep	topic-list	ok	refused-duplicate	de-tai-nckh	1	0.00753
mo-hinh-hoi-quy-tong-the	mô hình hồi quy tổng thể	390	measured	mo-hinh-nghien-cuu	model-theory	ok	refused-duplicate	hoi-quy-logistic	1	0.00800
xu-ly-du-lieu	xử lý dữ liệu	260	measured	spss	term-la-gi	repaired	scheduled		2	0.01532
regression	regression	2900	measured	thong-ke	term-la-gi	ok	scheduled		1	0.00728
bang-cau-hoi-khao-sat-khach-hang	bảng câu hỏi khảo sát khách hàng	390	measured	khao-sat	survey	ok	scheduled		1	0.00725
nhung-bai-nghien-cuu-khoa-hoc-cua-sinh-vien	những bài nghiên cứu khoa học của sinh viên	480	measured	nghien-cuu-khoa-hoc	term-la-gi	ok	refused-duplicate	nghien-cuu-khoa-hoc	1	0.00760
muc-luc-tieu-luan	mục lục tiểu luận	1000	measured	khoa-luan-tot-nghiep	thesis-writing	ok	scheduled		1	0.00760
mo-hinh-chap-nhan-cong-nghe-tam	mô hình chấp nhận công nghệ tam	320	measured	mo-hinh-nghien-cuu	model-theory	repaired	refused-duplicate	mo-hinh-tam	2	0.01603
cach-chay-thong-ke-mo-ta-trong-spss	cách chạy thống kê mô tả trong spss	40	measured	spss	spss-howto	ok	scheduled		1	0.00815
variance	variance	2900	measured	thong-ke	term-la-gi	ok	scheduled		1	0.00729
bang-khao-sat	bảng khảo sát	390	measured	khao-sat	survey	ok	refused-duplicate	bang-cau-hoi-khao-sat-khach-hang	1	0.00742
phuong-phap-luan-nghien-cuu-khoa-hoc	phương pháp luận nghiên cứu khoa học	480	measured	nghien-cuu-khoa-hoc	term-la-gi	ok	refused-duplicate	nghien-cuu-khoa-hoc	1	0.00715
cach-xac-dinh-de-tai	cách xác định đề tài	880	measured	khoa-luan-tot-nghiep	topic-list	ok	scheduled		1	0.00792
mo-hinh-hoi-quy	mô hình hồi quy	320	measured	mo-hinh-nghien-cuu	model-theory	ok	refused-duplicate	hoi-quy-logistic	1	0.00863
anova	anova	2400	measured	thong-ke	term-la-gi	ok	scheduled		1	0.00694
co-mau-cua-mau-so-lieu-la-gi	cỡ mẫu của mẫu số liệu là gì	390	measured	khao-sat	term-la-gi	ok	refused-duplicate	co-mau-la-gi	1	0.00692
nghien-cuu-dinh-luong	nghiên cứu định lượng	320	measured	nghien-cuu-khoa-hoc	term-la-gi	ok	scheduled		1	0.00688
loi-cam-doan-khoa-luan	lời cam đoan khóa luận	880	measured	khoa-luan-tot-nghiep	thesis-writing	repaired	refused-duplicate	khoa-luan-tot-nghiep	2	0.01679
mo-hinh-servperf	mô hình servperf	320	measured	mo-hinh-nghien-cuu	model-theory	ok	scheduled		1	0.00806
cong-thuc-do-lech-chuan	công thức độ lệch chuẩn	2400	measured	thong-ke	term-la-gi	ok	refused-duplicate	do-lech-chuan	1	0.00725
khao-sat-muc-do-hai-long-cua-khach-hang	khảo sát mức độ hài lòng của khách hàng	390	measured	khao-sat	survey	ok	scheduled		1	0.00780
phuong-phap-dinh-tinh	phương pháp định tính	320	measured	nghien-cuu-khoa-hoc	term-la-gi	ok	scheduled		1	0.00701
loi-mo-dau	lời mở đầu	880	measured	khoa-luan-tot-nghiep	thesis-writing	repaired	scheduled		2	0.01629
mo-hinh-tra	mô hình tra	260	measured	mo-hinh-nghien-cuu	model-theory	ok	scheduled		1	0.00835
phuong-sai-va-do-lech-chuan	phương sai và độ lệch chuẩn	2400	measured	thong-ke	term-la-gi	repaired	refused-duplicate	do-lech-chuan	2	0.01536
thiet-ke-bang-hoi	thiết kế bảng hỏi	390	measured	khao-sat	survey	ok	scheduled		1	0.00719
chu-de-nghien-cuu-khoa-hoc	chủ đề nghiên cứu khoa học	260	measured	nghien-cuu-khoa-hoc	term-la-gi	ok	refused-duplicate	nghien-cuu-khoa-hoc	1	0.00724
trich-dan	trích dẫn	880	measured	khoa-luan-tot-nghiep	thesis-writing	ok	scheduled		1	0.00804
bien-trung-gian-la-gi	biến trung gian là gì	210	measured	mo-hinh-nghien-cuu	term-la-gi	ok	scheduled		1	0.00719
pls	pls	2400	measured	thong-ke	term-la-gi	ok	refused-duplicate	smart-pls	1	0.00735
mau-phieu-khao-sat	mẫu phiếu khảo sát	320	measured	khao-sat	survey	ok	refused-duplicate	bieu-mau-khao-sat	1	0.00700
nghien-cuu-khoa-hoc-sinh-vien	nghiên cứu khoa học sinh viên	260	measured	nghien-cuu-khoa-hoc	term-la-gi	ok	refused-duplicate	nghien-cuu-khoa-hoc	1	0.00679
loi-mo-dau-tieu-luan	lời mở đầu tiểu luận	720	measured	khoa-luan-tot-nghiep	thesis-writing	repaired	refused-duplicate	loi-mo-dau	2	0.01622
mo-hinh-maslow	mô hình maslow	210	measured	mo-hinh-nghien-cuu	model-theory	repaired	refused-duplicate	thap-nhu-cau-maslow	2	0.01627
cach-tinh-do-lech-chuan	cách tính độ lệch chuẩn	1900	measured	thong-ke	term-la-gi	ok	scheduled		1	0.00678
thang-do-likert-7-muc-do	thang đo likert 7 mức độ	320	measured	khao-sat	survey	ok	refused-duplicate	thang-do-likert	1	0.00729
pham-vi-nghien-cuu	phạm vi nghiên cứu	260	measured	nghien-cuu-khoa-hoc	term-la-gi	ok	scheduled		1	0.00671
danh-muc-bang-bieu-la-gi	danh mục bảng biểu là gì	590	measured	khoa-luan-tot-nghiep	thesis-writing	ok	scheduled		1	0.00751
mo-hinh-5-khoang-cach-chat-luong-dich-vu	mô hình 5 khoảng cách chất lượng dịch vụ	40	measured	mo-hinh-nghien-cuu	model-theory	ok	scheduled		1	0.00817
communality	communality	1900	measured	thong-ke	term-la-gi	ok	scheduled		1	0.00748
tao-gg-form-khao-sat	tạo gg form khảo sát	260	measured	khao-sat	survey	ok	refused-duplicate	gg-form-khao-sat	1	0.00727
phuong-phap-dinh-luong	phương pháp định lượng	260	measured	nghien-cuu-khoa-hoc	term-la-gi	repaired	scheduled		2	0.01507
luan-an-tien-si	luận án tiến sĩ	590	measured	khoa-luan-tot-nghiep	thesis-writing	repaired	scheduled		2	0.01768
mo-hinh-chuoi-gia-tri-porter	mô hình chuỗi giá trị porter	10	measured	mo-hinh-nghien-cuu	model-theory	ok	scheduled		1	0.00749
pca	pca	1900	measured	thong-ke	term-la-gi	ok	scheduled		1	0.00703
tinh-co-mau	tính cỡ mẫu	260	measured	khao-sat	term-la-gi	ok	scheduled		1	0.00678
de-cuong-la-gi	đề cương là gì	480	measured	khoa-luan-tot-nghiep	thesis-writing	ok	scheduled		1	0.00818
thang-do-chat-luong-dich-vu	thang đo chất lượng dịch vụ	10	measured	mo-hinh-nghien-cuu	scale	ok	scheduled		1	0.00770
principal-component-analysis	principal component analysis	1900	measured	thong-ke	term-la-gi	ok	scheduled		1	0.00720
likert-5	likert 5	210	measured	khao-sat	survey	ok	refused-duplicate	thang-do-likert	1	0.00762
muc-tieu-nghien-cuu	mục tiêu nghiên cứu	480	measured	khoa-luan-tot-nghiep	thesis-writing	repaired	scheduled		2	0.01747
thang-do-thai-do	thang đo thái độ	10	measured	mo-hinh-nghien-cuu	scale	repaired	scheduled		2	0.01648
tinh-trung-vi	tính trung vị	1900	measured	thong-ke	term-la-gi	ok	scheduled		1	0.00767
phuong-phap-chon-mau	phương pháp chọn mẫu	210	measured	khao-sat	survey	ok	scheduled		1	0.00736
cach-ghi-nguon-trich-dan-hinh-anh	cách ghi nguồn trích dẫn hình ảnh	390	measured	khoa-luan-tot-nghiep	thesis-writing	ok	scheduled		1	0.00773
reliability-la-gi	reliability là gì	1600	measured	thong-ke	term-la-gi	ok	scheduled		1	0.00720
bang-cau-hoi-khao-sat	bảng câu hỏi khảo sát	170	measured	khao-sat	survey	ok	refused-duplicate	bang-cau-hoi-khao-sat-khach-hang	1	0.00723
cau-hoi-nghien-cuu	câu hỏi nghiên cứu	390	measured	khoa-luan-tot-nghiep	thesis-writing	ok	scheduled		1	0.00726
sd-la-gi	sd là gì	1600	measured	thong-ke	term-la-gi	repaired	scheduled		2	0.01574
thang-do-dinh-danh-la-gi	thang đo định danh là gì	50	measured	khao-sat	term-la-gi	ok	scheduled		1	0.00738
co-so-ly-thuyet	cơ sở lý thuyết	390	measured	khoa-luan-tot-nghiep	thesis-writing	ok	scheduled		1	0.00746
boxplot	boxplot	1300	measured	thong-ke	term-la-gi	ok	refused-duplicate	bieu-do-boxplot	1	0.00753
giao-trinh-phuong-phap-nghien-cuu-khoa-hoc-pdf	giáo trình phương pháp nghiên cứu khoa học pdf	390	measured	khoa-luan-tot-nghiep	thesis-writing	repaired	refused-duplicate	nghien-cuu-khoa-hoc	2	0.01808
paired-la-gi	paired là gì	1300	measured	thong-ke	term-la-gi	repaired	scheduled		2	0.01594
loi-noi-dau	lời nói đầu	390	measured	khoa-luan-tot-nghiep	thesis-writing	repaired	refused-duplicate	loi-mo-dau	2	0.01772
robustness-la-gi	robustness là gì	1300	measured	thong-ke	term-la-gi	ok	scheduled		1	0.00746
trich-dan-ieee	trích dẫn ieee	390	measured	khoa-luan-tot-nghiep	thesis-writing	repaired	refused-duplicate	trich-dan	2	0.01615
trung-binh-nhan	trung bình nhân	1300	measured	thong-ke	term-la-gi	repaired	scheduled		2	0.01512
cac-de-tai-nghien-cuu-khoa-hoc-cho-sinh-vien	các đề tài nghiên cứu khoa học cho sinh viên	320	measured	khoa-luan-tot-nghiep	topic-list	ok	refused-duplicate	nghien-cuu-khoa-hoc	1	0.00817
average-variance-extracted	average variance extracted	1000	measured	thong-ke	term-la-gi	ok	refused-duplicate	variance	1	0.00698
cach-trinh-bay-tai-lieu-tham-khao	cách trình bày tài liệu tham khảo	320	measured	khoa-luan-tot-nghiep	thesis-writing	repaired	refused-duplicate	cach-ghi-tai-lieu-tham-khao	2	0.01608
chi-square	chi square	1000	measured	thong-ke	term-la-gi	repaired	refused-duplicate	r-square	2	0.01504
phuong-phap-nghien-cuu-dinh-tinh	phương pháp nghiên cứu định tính	320	measured	khoa-luan-tot-nghiep	thesis-writing	ok	refused-duplicate	phuong-phap-dinh-tinh	1	0.00818
correlation-la-gi	correlation là gì	1000	measured	thong-ke	term-la-gi	ok	scheduled		1	0.00676
sua-dao-van	sửa đạo văn	320	measured	khoa-luan-tot-nghiep	thesis-writing	repaired	refused-duplicate	dao-van	2	0.01675
ki-hieu-phuong-sai	kí hiệu phương sai	1000	measured	thong-ke	term-la-gi	ok	refused-duplicate	phuong-sai	1	0.00757
cach-trich-nguon-tai-lieu-tham-khao	cách trích nguồn tài liệu tham khảo	260	measured	khoa-luan-tot-nghiep	thesis-writing	repaired	refused-duplicate	cach-ghi-tai-lieu-tham-khao	2	0.01599
p-value	p-value	1000	measured	thong-ke	term-la-gi	ok	scheduled		1	0.00712
dat-van-de	đặt vấn đề	260	measured	khoa-luan-tot-nghiep	thesis-writing	ok	scheduled		1	0.00815
phan-mem-spss	phần mềm spss	1000	measured	thong-ke	term-la-gi	ok	refused-duplicate	phan-mem-stata	1	0.00680
khoang-trong-nghien-cuu-la-gi	khoảng trống nghiên cứu là gì	260	measured	khoa-luan-tot-nghiep	thesis-writing	ok	scheduled		1	0.00739
t-test	t test	1000	measured	thong-ke	term-la-gi	ok	scheduled		1	0.00732
mendeley-la-gi	mendeley là gì	260	measured	khoa-luan-tot-nghiep	thesis-writing	ok	scheduled		1	0.00751
deviation-la-gi	deviation là gì	880	measured	thong-ke	term-la-gi	ok	scheduled		1	0.00729
quy-trinh-nghien-cuu-khoa-hoc	quy trình nghiên cứu khoa học	260	measured	khoa-luan-tot-nghiep	thesis-writing	ok	refused-duplicate	nghien-cuu-khoa-hoc	1	0.00827
df-la-gi	df là gì	880	measured	thong-ke	term-la-gi	repaired	scheduled		2	0.01558
khoa-luan-la-gi	khóa luận là gì	210	measured	khoa-luan-tot-nghiep	thesis-writing	ok	scheduled		1	0.00780
do-lech-chuan-ki-hieu	độ lệch chuẩn kí hiệu	880	measured	thong-ke	term-la-gi	ok	refused-duplicate	do-lech-chuan	1	0.00714
phuong-phap-nghien-cuu-dinh-luong	phương pháp nghiên cứu định lượng	210	measured	khoa-luan-tot-nghiep	thesis-writing	ok	refused-duplicate	phuong-phap-nghien-cuu	1	0.00784
dummy-la-gi	dummy là gì	880	measured	thong-ke	term-la-gi	repaired	scheduled		2	0.01526
thiet-ke-nghien-cuu	thiết kế nghiên cứu	210	measured	khoa-luan-tot-nghiep	thesis-writing	repaired	scheduled		2	0.01870
mediation-la-gi	mediation là gì	880	measured	thong-ke	term-la-gi	ok	scheduled		1	0.00731
mediators-la-gi	mediators là gì	880	measured	thong-ke	term-la-gi	ok	scheduled		1	0.00692
standard-deviation-la-gi	standard deviation là gì	880	measured	thong-ke	term-la-gi	repaired	refused-duplicate	deviation-la-gi	2	0.01622
thu-thap-du-lieu	thu thập dữ liệu	880	measured	thong-ke	term-la-gi	ok	scheduled		1	0.00703
tuong-quan-la-gi	tương quan là gì	880	measured	thong-ke	term-la-gi	ok	scheduled		1	0.00694
coef-la-gi	coef là gì	720	measured	thong-ke	term-la-gi	ok	scheduled		1	0.00720
coefficient-la-gi	coefficient là gì	720	measured	thong-ke	term-la-gi	ok	scheduled		1	0.00779
coefficients-la-gi	coefficients là gì	720	measured	thong-ke	term-la-gi	ok	scheduled		1	0.00734
eigenvalue	eigenvalue	720	measured	thong-ke	term-la-gi	ok	scheduled		1	0.00690
eigenvector	eigenvector	720	measured	thong-ke	term-la-gi	ok	scheduled		1	0.00752
hoi-quy-la-gi	hồi quy là gì	720	measured	thong-ke	term-la-gi	repaired	scheduled		2	0.01497
tan-so-tich-luy-la-gi	tần số tích lũy là gì	720	measured	thong-ke	term-la-gi	ok	scheduled		1	0.00724
bieu-do-tan-suat	biểu đồ tần suất	590	measured	thong-ke	term-la-gi	repaired	refused-duplicate	bieu-do-boxplot	2	0.01457
construct-la-gi	construct là gì	590	measured	thong-ke	term-la-gi	ok	scheduled		1	0.00793
ky-hieu-do-lech-chuan	ký hiệu độ lệch chuẩn	590	measured	thong-ke	term-la-gi	ok	refused-duplicate	do-lech-chuan	1	0.00719
ols	ols	590	measured	thong-ke	term-la-gi	repaired	scheduled		2	0.01612
phuong-sai-ky-hieu	phương sai ký hiệu	590	measured	thong-ke	term-la-gi	ok	refused-duplicate	phuong-sai	1	0.00746
tan-suat-la-gi	tần suất là gì	590	measured	thong-ke	term-la-gi	ok	scheduled		1	0.00750
cach-tinh-phuong-sai-va-do-lech-chuan	cách tính phương sai và độ lệch chuẩn	480	measured	thong-ke	term-la-gi	ok	refused-duplicate	cach-tinh-do-lech-chuan	1	0.00727
cach-tinh-so-trung-binh-cua-mau-so-lieu	cách tính số trung bình của mẫu số liệu	480	measured	thong-ke	term-la-gi	repaired	scheduled		2	0.01591
cong-thuc-tinh-beta	công thức tính beta	480	measured	thong-ke	term-la-gi	ok	scheduled		1	0.00690
cong-thuc-tinh-phuong-sai-lop-10	công thức tính phương sai lớp 10	480	measured	thong-ke	term-la-gi	ok	refused-duplicate	cong-thuc-tinh-phuong-sai	1	0.00711
covariance	covariance	480	measured	thong-ke	term-la-gi	repaired	scheduled		2	0.01573
kiem-dinh-t-test	kiểm định t test	480	measured	thong-ke	test	repaired	scheduled		2	0.01576
bieu-do-hop	biểu đồ hộp	390	measured	thong-ke	term-la-gi	ok	refused-duplicate	bieu-do-boxplot	1	0.00731
chi-phi-trung-binh	chi phí trung bình	390	measured	thong-ke	term-la-gi	ok	refused-duplicate	trung-binh-nhan	1	0.00728
chuan-hoa-la-gi	chuẩn hóa là gì	390	measured	thong-ke	term-la-gi	ok	scheduled		1	0.00774
cong-thuc-he-so-tuong-quan	công thức hệ số tương quan	390	measured	thong-ke	term-la-gi	ok	refused-duplicate	tuong-quan-pearson	1	0.00629
cong-thuc-tinh-so-trung-vi	công thức tính số trung vị	390	measured	thong-ke	term-la-gi	ok	refused-duplicate	tinh-trung-vi	1	0.00721
do-lech-chuan-trong-may-tinh	độ lệch chuẩn trong máy tính	390	measured	thong-ke	term-la-gi	ok	refused-duplicate	cach-tinh-do-lech-chuan	1	0.00700
exploratory-factor-analysis-la-gi	exploratory factor analysis là gì	390	measured	thong-ke	term-la-gi	repaired	scheduled		2	0.01456
gia-thiet	giả thiết	390	measured	thong-ke	term-la-gi	ok	refused-duplicate	gia-thiet-hay-gia-thuyet	1	0.00709
nhan-to	nhân tố	390	measured	thong-ke	term-la-gi	ok	scheduled		1	0.00733
ordinary-least-squares-la-gi	ordinary least squares là gì	390	measured	thong-ke	term-la-gi	ok	refused-duplicate	partial-least-squares-la-gi	1	0.00749
phuong-trinh-hoi-quy	phương trình hồi quy	390	measured	thong-ke	term-la-gi	repaired	refused-duplicate	hoi-quy-logistic	2	0.01551
residual-la-gi	residual là gì	390	measured	thong-ke	term-la-gi	ok	scheduled		1	0.00689
residuals-la-gi	residuals là gì	390	measured	thong-ke	term-la-gi	ok	scheduled		1	0.00685
tong-quan-la-gi	tổng quan là gì	390	measured	thong-ke	term-la-gi	ok	scheduled		1	0.00781
bieu-do-duong-la-gi	biểu đồ đường là gì	320	measured	thong-ke	term-la-gi	repaired	scheduled		2	0.01472
cach-lay-so-lieu-tu-tong-cuc-thong-ke	cách lấy số liệu tư tổng cục thống kê	320	measured	thong-ke	term-la-gi	ok	scheduled		1	0.00743
chi-test	chi test	320	measured	thong-ke	term-la-gi	repaired	refused-duplicate	t-test	2	0.01556
collinearity	collinearity	320	measured	thong-ke	term-la-gi	ok	scheduled		1	0.00748
cong-thuc-tinh-phuong-sai-mau	công thức tính phương sai mẫu	320	measured	thong-ke	term-la-gi	ok	refused-duplicate	cong-thuc-tinh-phuong-sai	1	0.00693
da-cong-tuyen-la-gi	đa cộng tuyến là gì	320	measured	thong-ke	term-la-gi	repaired	scheduled		2	0.01583
dinh-ly-gia-tri-trung-binh	định lý giá trị trung bình	320	measured	thong-ke	term-la-gi	ok	refused-duplicate	trung-binh-nhan	1	0.00741
discriminant	discriminant	320	measured	thong-ke	term-la-gi	ok	scheduled		1	0.00670
du-lieu-so	dữ liệu số	320	measured	thong-ke	term-la-gi	ok	refused-duplicate	du-lieu-so-cap	1	0.00775
kmo	kmo	320	measured	thong-ke	term-la-gi	ok	scheduled		1	0.00705
kurtosis	kurtosis	320	measured	thong-ke	term-la-gi	repaired	scheduled		2	0.01587
ky-hieu-phuong-sai-va-do-lech-chuan	ký hiệu phương sai và độ lệch chuẩn	320	measured	thong-ke	term-la-gi	ok	refused-duplicate	do-lech-chuan	1	0.00728
moderation-la-gi	moderation là gì	320	measured	thong-ke	term-la-gi	ok	scheduled		1	0.00681
multicollinearity	multicollinearity	320	measured	thong-ke	term-la-gi	repaired	scheduled		2	0.01497
pearson-correlation	pearson correlation	320	measured	thong-ke	term-la-gi	ok	scheduled		1	0.00706
skewed-la-gi	skewed là gì	320	measured	thong-ke	term-la-gi	repaired	scheduled		2	0.01513
skewness-la-gi	skewness là gì	320	measured	thong-ke	term-la-gi	repaired	scheduled		2	0.01510
tong-quan-nghien-cuu	tổng quan nghiên cứu	320	measured	thong-ke	term-la-gi	ok	scheduled		1	0.00730
trung-binh-la-gi	trung bình là gì	320	measured	thong-ke	term-la-gi	ok	scheduled		1	0.00738
trung-vi-la-q-may	trung vị là q mấy	320	measured	thong-ke	term-la-gi	repaired	refused-duplicate	trung-vi	2	0.01512
bang-anova	bảng anova	260	measured	thong-ke	term-la-gi	ok	refused-duplicate	anova	1	0.00699
correlate-la-gi	correlate là gì	260	measured	thong-ke	term-la-gi	repaired	scheduled		2	0.01679
correlated-la-gi	correlated là gì	260	measured	thong-ke	term-la-gi	repaired	scheduled		2	0.01494
descriptive-statistics-la-gi	descriptive statistics là gì	260	measured	thong-ke	term-la-gi	ok	scheduled		1	0.00737
do-tin-cay	độ tin cậy	260	measured	thong-ke	term-la-gi	ok	scheduled		1	0.00738
hiep-phuong-sai	hiệp phương sai	260	measured	thong-ke	term-la-gi	ok	refused-duplicate	phuong-sai	1	0.00728
khoang-tin-cay	khoảng tin cậy	260	measured	thong-ke	term-la-gi	ok	refused-duplicate	do-tin-cay	1	0.00722
linear-regression-la-gi	linear regression là gì	260	measured	thong-ke	term-la-gi	ok	scheduled		1	0.00742
pearson-la-gi	pearson là gì	260	measured	thong-ke	term-la-gi	ok	scheduled		1	0.00652
thu-thap-thong-tin	thu thập thông tin	260	measured	thong-ke	term-la-gi	ok	scheduled		1	0.00740
cach-tinh-tan-so-tich-luy	cách tính tần số tích lũy	210	measured	thong-ke	term-la-gi	ok	scheduled		1	0.00696
do-lech-chuan-ki-hieu-la-gi-trong-may-tinh	độ lệch chuẩn kí hiệu là gì trong máy tính	210	measured	thong-ke	term-la-gi	ok	scheduled		1	0.00720
logistic-regression-la-gi	logistic regression là gì	210	measured	thong-ke	term-la-gi	ok	scheduled		1	0.00730
mean-la-gi-trong-thong-ke	mean là gì trong thống kê	210	measured	thong-ke	term-la-gi	ok	scheduled		1	0.00741
one-factor-anova	one factor anova	210	measured	thong-ke	term-la-gi	ok	refused-duplicate	anova	1	0.00765
phan-vi-la-gi	phân vị là gì	210	measured	thong-ke	term-la-gi	ok	scheduled		1	0.00728
phuong-sai-mau	phương sai mẫu	210	measured	thong-ke	term-la-gi	ok	refused-duplicate	phuong-sai	1	0.00716
spss-cach-dung	spss cách dùng	210	measured	thong-ke	term-la-gi	ok	scheduled		1	0.00749
muc-y-nghia-la-gi	mức ý nghĩa là gì	170	measured	thong-ke	term-la-gi	ok	scheduled		1	0.00685
test-de-durbin-watson	test de durbin watson	170	measured	thong-ke	term-la-gi	ok	refused-duplicate	t-test	1	0.00694
phan-tich-gia-tri-ngoai-lai-la-gi	phân tích giá trị ngoại lai là gì	90	measured	thong-ke	term-la-gi	repaired	scheduled		2	0.01535
kiem-dinh-chi-binh-phuong-la-gi	kiểm định chi bình phương là gì	20	measured	thong-ke	term-la-gi	ok	scheduled		1	0.00713
gia-tri-hoi-tu-la-gi	giá trị hội tụ là gì	10	measured	thong-ke	term-la-gi	ok	scheduled		1	0.00728
bang-tan-so-trong-spss	bảng tần số trong spss	0	family-inferred	spss	spss-howto	ok	refused-duplicate	cach-nhan-xet-bang-tan-so	1	0.00706
ancova-la-gi	ancova là gì	0	family-inferred	thong-ke	term-la-gi	ok	draft		1	0.00746
bang-cau-hoi-la-gi	bảng câu hỏi là gì	0	family-inferred	khao-sat	survey	repaired	refused-duplicate	bang-hoi-la-gi	2	0.01516
bien-tiem-an-la-gi	biến tiềm ẩn là gì	0	family-inferred	smartpls	term-la-gi	ok	draft		1	0.00710
5-ap-luc-canh-tranh-porter-la-gi	5 áp lực cạnh tranh porter là gì	0	family-inferred	mo-hinh-nghien-cuu	model-theory	ok	draft		1	0.00794
bieu-do-boxplot-trong-spss	biểu đồ boxplot trong spss	0	family-inferred	spss	spss-howto	ok	draft		1	0.00720
anova-trong-spss	anova trong spss	0	family-inferred	thong-ke	term-la-gi	ok	draft		1	0.00669
cach-lam-khao-sat-online	cách làm khảo sát online	0	family-inferred	khao-sat	survey	ok	refused-duplicate	phieu-khao-sat-online	1	0.00763
blindfolding-la-gi	blindfolding là gì	0	family-inferred	smartpls	term-la-gi	ok	draft		1	0.00738
5-khoang-cach-chat-luong-dich-vu-la-gi	5 khoảng cách chất lượng dịch vụ là gì	0	family-inferred	mo-hinh-nghien-cuu	model-theory	ok	draft		1	0.00812
bootstrap-trung-gian-trong-spss	bootstrap trung gian trong spss	0	family-inferred	spss	spss-howto	ok	draft		1	0.00727
ave-trong-spss	ave trong spss	0	family-inferred	thong-ke	term-la-gi	ok	refused-duplicate	ave-trong-smartpls	1	0.00696
cau-hoi-sang-loc-la-gi	câu hỏi sàng lọc là gì	0	family-inferred	khao-sat	survey	ok	draft		1	0.00737
bootstrapping-la-gi	bootstrapping là gì	0	family-inferred	smartpls	term-la-gi	ok	draft		1	0.00724
acsi-la-gi	acsi là gì	0	family-inferred	mo-hinh-nghien-cuu	model-theory	ok	draft		1	0.00843
cronbach-alpha-trong-spss	cronbach alpha trong spss	0	family-inferred	spss	spss-howto	ok	draft		1	0.00722
bac-tu-do-la-gi	bậc tự do là gì	0	family-inferred	thong-ke	term-la-gi	ok	draft		1	0.00727
chon-mau-ngau-nhien	chọn mẫu ngẫu nhiên	0	family-inferred	khao-sat	survey	repaired	draft		2	0.01562
cb-sem-trong-spss	cb sem trong spss	0	family-inferred	smartpls	term-la-gi	ok	draft		1	0.00758
balanced-scorecard-la-gi	balanced scorecard là gì	0	family-inferred	mo-hinh-nghien-cuu	model-theory	ok	draft		1	0.00777
item-total-correlation-nho-hon-0-3-phai-lam-sao	item total correlation nhỏ hơn 0 3 phải làm sao	0	family-inferred	spss	troubleshoot	ok	draft		1	0.00723
boxplot-trong-spss	boxplot trong spss	0	family-inferred	thong-ke	term-la-gi	ok	draft		1	0.00739
co-mau-trong-spss	cỡ mẫu trong spss	0	family-inferred	khao-sat	term-la-gi	ok	refused-duplicate	tinh-co-mau	1	0.00674
cfi-la-gi	cfi là gì	0	family-inferred	smartpls	term-la-gi	repaired	draft		2	0.01466
bcg-la-gi	bcg là gì	0	family-inferred	mo-hinh-nghien-cuu	model-theory	ok	draft		1	0.00850
kiem-dinh-do-tin-cay-thang-do-trong-spss	kiểm định độ tin cậy thang đo trong spss	0	family-inferred	spss	spss-howto	repaired	draft		2	0.01631
composite-reliability-la-gi	composite reliability là gì	0	family-inferred	thong-ke	term-la-gi	ok	refused-duplicate	reliability-la-gi	1	0.00738
google-form	google form	0	family-inferred	khao-sat	survey	repaired	draft		2	0.01520
chi-so-phu-hop-mo-hinh-la-gi	chỉ số phù hợp mô hình là gì	0	family-inferred	smartpls	term-la-gi	ok	draft		1	0.00780
bien-doc-lap-la-gi	biến độc lập là gì	0	family-inferred	mo-hinh-nghien-cuu	term-la-gi	ok	draft		1	0.00691
loi-cronbach-alpha-am-spss	lỗi cronbach alpha âm spss	0	family-inferred	spss	troubleshoot	repaired	draft		2	0.01611
construct-validity-la-gi	construct validity là gì	0	family-inferred	thong-ke	term-la-gi	ok	refused-duplicate	construct-la-gi	1	0.00695
khao-sat-thu	khảo sát thử	0	family-inferred	khao-sat	survey	repaired	refused-duplicate	bieu-mau-khao-sat	2	0.01533
f-square-la-gi	f square là gì	0	family-inferred	smartpls	term-la-gi	ok	draft		1	0.00707
cac-ben-lien-quan-la-gi	các bên liên quan là gì	0	family-inferred	mo-hinh-nghien-cuu	model-theory	ok	draft		1	0.00736
phan-tich-cronbach-alpha-spss	phân tích cronbach alpha spss	0	family-inferred	spss	spss-howto	ok	draft		1	0.00754
corrected-item-total-correlation-la-gi	corrected item total correlation là gì	0	family-inferred	thong-ke	term-la-gi	ok	refused-duplicate	correlation-la-gi	1	0.00720
khung-mau-la-gi	khung mẫu là gì	0	family-inferred	khao-sat	term-la-gi	ok	draft		1	0.00711
gfi-la-gi	gfi là gì	0	family-inferred	smartpls	term-la-gi	ok	draft		1	0.00729
chap-nhan-cong-nghe-tam-la-gi	chấp nhận công nghệ tam là gì	0	family-inferred	mo-hinh-nghien-cuu	model-theory	ok	draft		1	0.00827
phan-tich-sobel-test-spss	phân tích sobel test spss	0	family-inferred	spss	spss-howto	ok	draft		1	0.00777
cross-loading-la-gi	cross loading là gì	0	family-inferred	thong-ke	term-la-gi	ok	draft		1	0.00677
ma-hoa-bang-hoi-la-gi	mã hóa bảng hỏi là gì	0	family-inferred	khao-sat	survey	ok	refused-duplicate	bang-hoi-la-gi	1	0.00748
mo-hinh-cau-truc-la-gi	mô hình cấu trúc là gì	0	family-inferred	smartpls	term-la-gi	ok	draft		1	0.00734
chat-luong-dich-vu-gronroos-la-gi	chất lượng dịch vụ gronroos là gì	0	family-inferred	mo-hinh-nghien-cuu	model-theory	ok	draft		1	0.00795
thang-do-khong-dat-do-tin-cay-phai-lam-sao	thang đo không đạt độ tin cậy phải làm sao	0	family-inferred	spss	troubleshoot	ok	draft		1	0.00720
df-trong-spss	df trong spss	0	family-inferred	thong-ke	term-la-gi	ok	draft		1	0.00712
mau-nghien-cuu-la-gi	mẫu nghiên cứu là gì	0	family-inferred	khao-sat	term-la-gi	ok	refused-duplicate	khach-the-nghien-cuu-la-gi	1	0.00734
modification-indices-la-gi	modification indices là gì	0	family-inferred	smartpls	term-la-gi	repaired	draft		2	0.01613
chuoi-gia-tri-porter-la-gi	chuỗi giá trị porter là gì	0	family-inferred	mo-hinh-nghien-cuu	model-theory	ok	draft		1	0.00774
thong-ke-nhan-khau-hoc-trong-spss	thống kê nhân khẩu học trong spss	0	family-inferred	spss	spss-howto	ok	draft		1	0.00745
do-lech-chuan-trong-spss	độ lệch chuẩn trong spss	0	family-inferred	thong-ke	term-la-gi	ok	refused-duplicate	cach-tinh-do-lech-chuan	1	0.00727
sai-so-chon-mau-la-gi	sai số chọn mẫu là gì	0	family-inferred	khao-sat	term-la-gi	ok	draft		1	0.00700
outer-weight-la-gi	outer weight là gì	0	family-inferred	smartpls	term-la-gi	ok	draft		1	0.00699
dai-dien-la-gi	đại diện là gì	0	family-inferred	mo-hinh-nghien-cuu	model-theory	ok	draft		1	0.00762
do-tin-cay-95-la-gi	độ tin cậy 95 là gì	0	family-inferred	thong-ke	term-la-gi	ok	draft		1	0.00781
so-quan-sat-tren-mot-bien-quan-sat-la-gi	số quan sát trên một biến quan sát là gì	0	family-inferred	khao-sat	term-la-gi	ok	draft		1	0.00704
path-coefficient-la-gi	path coefficient là gì	0	family-inferred	smartpls	term-la-gi	ok	refused-duplicate	coefficient-la-gi	1	0.00722
e-servqual-la-gi	e servqual là gì	0	family-inferred	mo-hinh-nghien-cuu	model-theory	repaired	draft		2	0.01727
do-tin-cay-tong-hop-la-gi	độ tin cậy tổng hợp là gì	0	family-inferred	thong-ke	term-la-gi	ok	draft		1	0.00733
thang-do-likert-5-muc-khao-sat	thang đo likert 5 mức khảo sát	0	family-inferred	khao-sat	survey	ok	refused-duplicate	thang-do-likert	1	0.00709
pls-predict-la-gi	pls predict là gì	0	family-inferred	smartpls	term-la-gi	repaired	draft		2	0.01576
ecsi-la-gi	ecsi là gì	0	family-inferred	mo-hinh-nghien-cuu	model-theory	repaired	draft		2	0.01624
effect-size-la-gi	effect size là gì	0	family-inferred	thong-ke	term-la-gi	ok	draft		1	0.00709
thiet-ke-bang-hoi-khao-sat	thiết kế bảng hỏi khảo sát	0	family-inferred	khao-sat	survey	ok	refused-duplicate	thiet-ke-bang-hoi	1	0.00749
q-square-la-gi	q square là gì	0	family-inferred	smartpls	term-la-gi	ok	draft		1	0.00707
gia-tri-tieu-dung-la-gi	giá trị tiêu dùng là gì	0	family-inferred	mo-hinh-nghien-cuu	model-theory	ok	draft		1	0.00832
fornell-larcker-la-gi	fornell larcker là gì	0	family-inferred	thong-ke	term-la-gi	ok	draft		1	0.00760
thu-thap-du-lieu-so-cap	thu thập dữ liệu sơ cấp	0	family-inferred	khao-sat	survey	ok	refused-duplicate	du-lieu-so-cap	1	0.00721
r-square-trong-spss	r square trong spss	0	family-inferred	smartpls	term-la-gi	ok	draft		1	0.00694
hanh-vi-du-dinh-la-gi	hành vi dự định là gì	0	family-inferred	mo-hinh-nghien-cuu	model-theory	ok	draft		1	0.00856
gia-thuyet-h0-la-gi	giả thuyết h0 là gì	0	family-inferred	thong-ke	term-la-gi	ok	refused-duplicate	gia-thuyet-la-gi	1	0.00746
tong-the-nghien-cuu-la-gi	tổng thể nghiên cứu là gì	0	family-inferred	khao-sat	term-la-gi	ok	refused-duplicate	khach-the-nghien-cuu-la-gi	1	0.00725
rmsea-la-gi	rmsea là gì	0	family-inferred	smartpls	term-la-gi	ok	draft		1	0.00712
is-success-delone-mclean-la-gi	is success delone mclean là gì	0	family-inferred	mo-hinh-nghien-cuu	model-theory	repaired	draft		2	0.01683
gia-tri-be-mat-la-gi	giá trị bề mặt là gì	0	family-inferred	thong-ke	term-la-gi	ok	draft		1	0.00681
ty-le-phan-hoi	tỷ lệ phản hồi	0	family-inferred	khao-sat	survey	ok	draft		1	0.00722
sem-trong-spss	sem trong spss	0	family-inferred	smartpls	term-la-gi	ok	draft		1	0.00749
kano-la-gi	kano là gì	0	family-inferred	mo-hinh-nghien-cuu	model-theory	ok	draft		1	0.00911
gia-tri-trung-binh-la-gi	giá trị trung bình là gì	0	family-inferred	thong-ke	term-la-gi	ok	refused-duplicate	trung-binh-la-gi	1	0.00691
srmr-la-gi	srmr là gì	0	family-inferred	smartpls	term-la-gi	ok	draft		1	0.00760
khuech-tan-doi-moi-la-gi	khuếch tán đổi mới là gì	0	family-inferred	mo-hinh-nghien-cuu	model-theory	ok	draft		1	0.00794
hieu-chinh-bonferroni-la-gi	hiệu chỉnh bonferroni là gì	0	family-inferred	thong-ke	term-la-gi	ok	draft		1	0.00769
thang-do-bac-hai-la-gi	thang đo bậc hai là gì	0	family-inferred	smartpls	term-la-gi	ok	draft		1	0.00726
ky-vong-xac-nhan-ecm-la-gi	kỳ vọng xác nhận ecm là gì	0	family-inferred	mo-hinh-nghien-cuu	model-theory	ok	draft		1	0.00794
histogram-la-gi	histogram là gì	0	family-inferred	thong-ke	term-la-gi	ok	draft		1	0.00712
tli-la-gi	tli là gì	0	family-inferred	smartpls	term-la-gi	ok	draft		1	0.00664
ly-thuyet-acsi	lý thuyết acsi	0	family-inferred	mo-hinh-nghien-cuu	model-theory	ok	refused-duplicate	co-so-ly-thuyet	1	0.00810
htmt-la-gi	htmt là gì	0	family-inferred	thong-ke	term-la-gi	ok	draft		1	0.00656
ly-thuyet-bcg	lý thuyết bcg	0	family-inferred	mo-hinh-nghien-cuu	model-theory	ok	refused-duplicate	co-so-ly-thuyet	1	0.00790
khoang-bien-thien-la-gi	khoảng biến thiên là gì	0	family-inferred	thong-ke	term-la-gi	ok	draft		1	0.00688
ly-thuyet-tam	lý thuyết tam	0	family-inferred	mo-hinh-nghien-cuu	model-theory	ok	refused-duplicate	mo-hinh-tam	1	0.00867
khoang-tin-cay-trong-spss	khoảng tin cậy trong spss	0	family-inferred	thong-ke	term-la-gi	ok	draft		1	0.00744
ly-thuyet-tpb	lý thuyết tpb	0	family-inferred	mo-hinh-nghien-cuu	model-theory	ok	refused-duplicate	mo-hinh-tpb	1	0.00776
kiem-dinh-hai-duoi-la-gi	kiểm định hai đuôi là gì	0	family-inferred	thong-ke	term-la-gi	ok	draft		1	0.00703
mo-hinh-acsi	mô hình acsi	0	family-inferred	mo-hinh-nghien-cuu	model-theory	repaired	draft		2	0.01795
kiem-dinh-tukey-la-gi	kiểm định tukey là gì	0	family-inferred	thong-ke	term-la-gi	ok	draft		1	0.00713
mo-hinh-bcg	mô hình bcg	0	family-inferred	mo-hinh-nghien-cuu	model-theory	ok	draft		1	0.00781
kolmogorov-smirnov-la-gi	kolmogorov smirnov là gì	0	family-inferred	thong-ke	term-la-gi	ok	draft		1	0.00748
mo-hinh-toe	mô hình toe	0	family-inferred	mo-hinh-nghien-cuu	model-theory	ok	draft		1	0.00854
kruskal-wallis-la-gi	kruskal wallis là gì	0	family-inferred	thong-ke	term-la-gi	ok	draft		1	0.00722
mo-hinh-tu-quyet	mô hình tự quyết	0	family-inferred	mo-hinh-nghien-cuu	model-theory	ok	draft		1	0.00752
kurtosis-trong-spss	kurtosis trong spss	0	family-inferred	thong-ke	term-la-gi	ok	draft		1	0.00738
nguon-luc-rbv-la-gi	nguồn lực rbv là gì	0	family-inferred	mo-hinh-nghien-cuu	model-theory	ok	draft		1	0.00821
mann-whitney-la-gi	mann whitney là gì	0	family-inferred	thong-ke	term-la-gi	ok	draft		1	0.00772
nhan-thuc-rui-ro-tpr-la-gi	nhận thức rủi ro tpr là gì	0	family-inferred	mo-hinh-nghien-cuu	model-theory	ok	draft		1	0.00803
manova-la-gi	manova là gì	0	family-inferred	thong-ke	term-la-gi	ok	draft		1	0.00673
niem-tin-suc-khoe-la-gi	niềm tin sức khỏe là gì	0	family-inferred	mo-hinh-nghien-cuu	model-theory	ok	draft		1	0.00794
missing-value-la-gi	missing value là gì	0	family-inferred	thong-ke	term-la-gi	ok	draft		1	0.00694
process-macro-la-gi	process macro là gì	0	family-inferred	mo-hinh-nghien-cuu	term-la-gi	ok	draft		1	0.00689
mode-trong-thong-ke-la-gi	mode trong thống kê là gì	0	family-inferred	thong-ke	term-la-gi	ok	refused-duplicate	mean-la-gi-trong-thong-ke	1	0.00690
servperf-la-gi	servperf là gì	0	family-inferred	mo-hinh-nghien-cuu	model-theory	ok	draft		1	0.00768
muc-y-nghia-trong-spss	mức ý nghĩa trong spss	0	family-inferred	thong-ke	term-la-gi	ok	refused-duplicate	muc-y-nghia-la-gi	1	0.00678
sobel-test-la-gi	sobel test là gì	0	family-inferred	mo-hinh-nghien-cuu	term-la-gi	ok	draft		1	0.00690
outlier-trong-spss	outlier trong spss	0	family-inferred	thong-ke	term-la-gi	ok	draft		1	0.00707
swot-la-gi	swot là gì	0	family-inferred	mo-hinh-nghien-cuu	model-theory	ok	draft		1	0.00777
p-value-trong-spss	p value trong spss	0	family-inferred	thong-ke	term-la-gi	ok	draft		1	0.00733
tac-dong-gian-tiep-la-gi	tác động gián tiếp là gì	0	family-inferred	mo-hinh-nghien-cuu	term-la-gi	ok	draft		1	0.00706
phan-phoi-chuan-la-gi	phân phối chuẩn là gì	0	family-inferred	thong-ke	term-la-gi	repaired	draft		2	0.01546
tam-la-gi	tam là gì	0	family-inferred	mo-hinh-nghien-cuu	model-theory	ok	draft		1	0.00783
phan-phoi-t-la-gi	phân phối t là gì	0	family-inferred	thong-ke	term-la-gi	ok	draft		1	0.00749
task-technology-fit-la-gi	task technology fit là gì	0	family-inferred	mo-hinh-nghien-cuu	model-theory	ok	draft		1	0.00802
phuong-sai-trich-ave-la-gi	phương sai trích ave là gì	0	family-inferred	thong-ke	term-la-gi	ok	refused-duplicate	ave-la-gi	1	0.00678
the-che-la-gi	thể chế là gì	0	family-inferred	mo-hinh-nghien-cuu	model-theory	repaired	draft		2	0.01669
phuong-sai-trong-spss	phương sai trong spss	0	family-inferred	thong-ke	term-la-gi	repaired	refused-duplicate	cong-thuc-tinh-phuong-sai	2	0.01574
toe-la-gi	toe là gì	0	family-inferred	mo-hinh-nghien-cuu	model-theory	ok	draft		1	0.00768
post-hoc-la-gi	post hoc là gì	0	family-inferred	thong-ke	term-la-gi	repaired	draft		2	0.01495
tong-tac-dong-la-gi	tổng tác động là gì	0	family-inferred	mo-hinh-nghien-cuu	term-la-gi	ok	draft		1	0.00744
power-cua-kiem-dinh-la-gi	power của kiểm định là gì	0	family-inferred	thong-ke	term-la-gi	ok	draft		1	0.00749
tpb-la-gi	tpb là gì	0	family-inferred	mo-hinh-nghien-cuu	model-theory	ok	draft		1	0.00854
rho-a-la-gi	rho a là gì	0	family-inferred	thong-ke	term-la-gi	ok	draft		1	0.00747
tra-la-gi	tra là gì	0	family-inferred	mo-hinh-nghien-cuu	model-theory	ok	draft		1	0.00778
sai-lam-loai-1-la-gi	sai lầm loại 1 là gì	0	family-inferred	thong-ke	term-la-gi	ok	draft		1	0.00740
trao-doi-xa-hoi-la-gi	trao đổi xã hội là gì	0	family-inferred	mo-hinh-nghien-cuu	model-theory	repaired	draft		2	0.01706
shapiro-wilk-la-gi	shapiro wilk là gì	0	family-inferred	thong-ke	term-la-gi	ok	draft		1	0.00710
trung-gian-mot-phan-la-gi	trung gian một phần là gì	0	family-inferred	mo-hinh-nghien-cuu	term-la-gi	ok	refused-duplicate	bien-trung-gian-la-gi	1	0.00733
skewness-trong-spss	skewness trong spss	0	family-inferred	thong-ke	term-la-gi	repaired	draft		2	0.01538
tu-quyet-la-gi	tự quyết là gì	0	family-inferred	mo-hinh-nghien-cuu	model-theory	ok	draft		1	0.00842
split-half-reliability-la-gi	split half reliability là gì	0	family-inferred	thong-ke	term-la-gi	ok	refused-duplicate	reliability-la-gi	1	0.00700
utaut-la-gi	utaut là gì	0	family-inferred	mo-hinh-nghien-cuu	model-theory	ok	draft		1	0.00792
t-test-trong-spss	t test trong spss	0	family-inferred	thong-ke	term-la-gi	ok	refused-duplicate	kiem-dinh-t-test	1	0.00685
utaut2-la-gi	utaut2 là gì	0	family-inferred	mo-hinh-nghien-cuu	model-theory	repaired	draft		2	0.01776
tan-so-la-gi	tần số là gì	0	family-inferred	thong-ke	term-la-gi	repaired	refused-duplicate	tan-so-tich-luy-la-gi	2	0.01436
vaf-la-gi	vaf là gì	0	family-inferred	mo-hinh-nghien-cuu	term-la-gi	ok	draft		1	0.00744
test-retest-reliability-la-gi	test retest reliability là gì	0	family-inferred	thong-ke	term-la-gi	repaired	refused-duplicate	reliability-la-gi	2	0.01493
trung-vi-trong-spss	trung vị trong spss	0	family-inferred	thong-ke	term-la-gi	ok	refused-duplicate	tinh-trung-vi	1	0.00717
tu-phan-vi-la-gi	tứ phân vị là gì	0	family-inferred	thong-ke	term-la-gi	repaired	refused-duplicate	phan-vi-la-gi	2	0.01597
wilcoxon-la-gi	wilcoxon là gì	0	family-inferred	thong-ke	term-la-gi	ok	draft		1	0.00719
z-score-la-gi	z score là gì	0	family-inferred	thong-ke	term-la-gi	ok	draft		1	0.00714
