keyword	search_volume	verdict	reason
tạo dự án mới trong smartpls		pass	no volume returned; quality gates decide
cách chạy tạo dự án mới smartpls 4		pass	no volume returned; quality gates decide
nhập dữ liệu csv trong smartpls		pass	no volume returned; quality gates decide
cách chạy nhập dữ liệu csv smartpls 4		pass	no volume returned; quality gates decide
vẽ mô hình đo lường trong smartpls		pass	no volume returned; quality gates decide
cách chạy vẽ mô hình đo lường smartpls 4		pass	no volume returned; quality gates decide
vẽ mô hình cấu trúc trong smartpls		pass	no volume returned; quality gates decide
cách chạy vẽ mô hình cấu trúc smartpls 4		pass	no volume returned; quality gates decide
xử lý missing value trong smartpls		pass	no volume returned; quality gates decide
cách chạy xử lý missing value smartpls 4		pass	no volume returned; quality gates decide
cỡ mẫu tối thiểu trong smartpls		pass	no volume returned; quality gates decide
cách chạy cỡ mẫu tối thiểu smartpls 4		pass	no volume returned; quality gates decide
pls algorithm trong smartpls		pass	no volume returned; quality gates decide
cách chạy pls algorithm smartpls 4		pass	no volume returned; quality gates decide
bootstrapping trong smartpls		pass	no volume returned; quality gates decide
cách chạy bootstrapping smartpls 4		pass	no volume returned; quality gates decide
blindfolding trong smartpls		pass	no volume returned; quality gates decide
cách chạy blindfolding smartpls 4		pass	no volume returned; quality gates decide
plspredict trong smartpls		pass	no volume returned; quality gates decide
cách chạy plspredict smartpls 4		pass	no volume returned; quality gates decide
consistent pls trong smartpls		pass	no volume returned; quality gates decide
cách chạy consistent pls smartpls 4		pass	no volume returned; quality gates decide
ipma trong smartpls		pass	no volume returned; quality gates decide
cách chạy ipma smartpls 4		pass	no volume returned; quality gates decide
outer loading trong smartpls		pass	no volume returned; quality gates decide
cách chạy outer loading smartpls 4		pass	no volume returned; quality gates decide
độ tin cậy tổng hợp trong smartpls		pass	no volume returned; quality gates decide
cách chạy độ tin cậy tổng hợp smartpls 4		pass	no volume returned; quality gates decide
ave trong smartpls	10	pass	volume 10
cách chạy ave smartpls 4		pass	no volume returned; quality gates decide
htmt trong smartpls		pass	no volume returned; quality gates decide
cách chạy htmt smartpls 4		pass	no volume returned; quality gates decide
fornell larcker trong smartpls		pass	no volume returned; quality gates decide
cách chạy fornell larcker smartpls 4		pass	no volume returned; quality gates decide
cross loading trong smartpls		pass	no volume returned; quality gates decide
cách chạy cross loading smartpls 4		pass	no volume returned; quality gates decide
giá trị hội tụ trong smartpls		pass	no volume returned; quality gates decide
cách chạy giá trị hội tụ smartpls 4		pass	no volume returned; quality gates decide
giá trị phân biệt trong smartpls		pass	no volume returned; quality gates decide
cách chạy giá trị phân biệt smartpls 4		pass	no volume returned; quality gates decide
thang đo cấu tạo trong smartpls		pass	no volume returned; quality gates decide
cách chạy thang đo cấu tạo smartpls 4		pass	no volume returned; quality gates decide
thang đo phản ánh trong smartpls		pass	no volume returned; quality gates decide
cách chạy thang đo phản ánh smartpls 4		pass	no volume returned; quality gates decide
thang đo bậc hai trong smartpls		pass	no volume returned; quality gates decide
cách chạy thang đo bậc hai smartpls 4		pass	no volume returned; quality gates decide
outer weight trong smartpls		pass	no volume returned; quality gates decide
cách chạy outer weight smartpls 4		pass	no volume returned; quality gates decide
vif trong smartpls		pass	no volume returned; quality gates decide
cách chạy vif smartpls 4		pass	no volume returned; quality gates decide
r square trong smartpls		pass	no volume returned; quality gates decide
cách chạy r square smartpls 4		pass	no volume returned; quality gates decide
f square trong smartpls		pass	no volume returned; quality gates decide
cách chạy f square smartpls 4		pass	no volume returned; quality gates decide
q square trong smartpls		pass	no volume returned; quality gates decide
cách chạy q square smartpls 4		pass	no volume returned; quality gates decide
path coefficient trong smartpls		pass	no volume returned; quality gates decide
cách chạy path coefficient smartpls 4		pass	no volume returned; quality gates decide
p value bootstrap trong smartpls		pass	no volume returned; quality gates decide
cách chạy p value bootstrap smartpls 4		pass	no volume returned; quality gates decide
tác động tổng trong smartpls		pass	no volume returned; quality gates decide
cách chạy tác động tổng smartpls 4		pass	no volume returned; quality gates decide
tác động gián tiếp cụ thể trong smartpls		pass	no volume returned; quality gates decide
cách chạy tác động gián tiếp cụ thể smartpls 4		pass	no volume returned; quality gates decide
biến trung gian trong smartpls		pass	no volume returned; quality gates decide
cách chạy biến trung gian smartpls 4		pass	no volume returned; quality gates decide
biến điều tiết trong smartpls	10	pass	volume 10
cách chạy biến điều tiết smartpls 4		pass	no volume returned; quality gates decide
biến tương tác trong smartpls		pass	no volume returned; quality gates decide
cách chạy biến tương tác smartpls 4		pass	no volume returned; quality gates decide
phân tích đa nhóm mga trong smartpls		pass	no volume returned; quality gates decide
cách chạy phân tích đa nhóm mga smartpls 4		pass	no volume returned; quality gates decide
micom trong smartpls		pass	no volume returned; quality gates decide
cách chạy micom smartpls 4		pass	no volume returned; quality gates decide
fimix trong smartpls		pass	no volume returned; quality gates decide
cách chạy fimix smartpls 4		pass	no volume returned; quality gates decide
xuất kết quả ra excel trong smartpls		pass	no volume returned; quality gates decide
cách chạy xuất kết quả ra excel smartpls 4		pass	no volume returned; quality gates decide
đọc báo cáo html trong smartpls		pass	no volume returned; quality gates decide
cách chạy đọc báo cáo html smartpls 4		pass	no volume returned; quality gates decide
tiếp cận hai giai đoạn trong smartpls		pass	no volume returned; quality gates decide
cách chạy tiếp cận hai giai đoạn smartpls 4		pass	no volume returned; quality gates decide
chỉ báo lặp lại trong smartpls		pass	no volume returned; quality gates decide
cách chạy chỉ báo lặp lại smartpls 4		pass	no volume returned; quality gates decide
gaussian copula trong smartpls		pass	no volume returned; quality gates decide
cách chạy gaussian copula smartpls 4		pass	no volume returned; quality gates decide
cta pls trong smartpls		pass	no volume returned; quality gates decide
cách chạy cta pls smartpls 4		pass	no volume returned; quality gates decide
kiểm định hoán vị permutation trong smartpls		pass	no volume returned; quality gates decide
cách chạy kiểm định hoán vị permutation smartpls 4		pass	no volume returned; quality gates decide
phân tích điều kiện cần nca trong smartpls		pass	no volume returned; quality gates decide
cách chạy phân tích điều kiện cần nca smartpls 4		pass	no volume returned; quality gates decide
biến kiểm soát trong smartpls		pass	no volume returned; quality gates decide
cách chạy biến kiểm soát smartpls 4		pass	no volume returned; quality gates decide
biến giả trong smartpls		pass	no volume returned; quality gates decide
cách chạy biến giả smartpls 4		pass	no volume returned; quality gates decide
rho a trong smartpls		pass	no volume returned; quality gates decide
cách chạy rho a smartpls 4		pass	no volume returned; quality gates decide
vif của chỉ báo trong smartpls		pass	no volume returned; quality gates decide
cách chạy vif của chỉ báo smartpls 4		pass	no volume returned; quality gates decide
khoảng tin cậy htmt trong smartpls		pass	no volume returned; quality gates decide
cách chạy khoảng tin cậy htmt smartpls 4		pass	no volume returned; quality gates decide
srmr trong smartpls		pass	no volume returned; quality gates decide
cách chạy srmr smartpls 4		pass	no volume returned; quality gates decide
nfi trong smartpls		pass	no volume returned; quality gates decide
cách chạy nfi smartpls 4		pass	no volume returned; quality gates decide
điểm biến tiềm ẩn trong smartpls		pass	no volume returned; quality gates decide
cách chạy điểm biến tiềm ẩn smartpls 4		pass	no volume returned; quality gates decide
xuất mô hình ra hình ảnh trong smartpls		pass	no volume returned; quality gates decide
cách chạy xuất mô hình ra hình ảnh smartpls 4		pass	no volume returned; quality gates decide
bảng tổng hợp kết quả trong smartpls		pass	no volume returned; quality gates decide
cách chạy bảng tổng hợp kết quả smartpls 4		pass	no volume returned; quality gates decide
