keyword	search_volume	kd	source
cb sem là gì	40		openseo-sample
thang đo động lực làm việc			openseo-sample
thang đo cam kết tổ chức			openseo-sample
thang đo gắn kết công việc			openseo-sample
phân tích nhân tố khám phá là gì			openseo-sample
cfa là gì	3600	0	openseo-sample
mức ý nghĩa là gì	170	6	openseo-sample
kiểm định chi bình phương là gì	20		openseo-sample
thang đo tính hữu ích cảm nhận			openseo-sample
thang đo tính dễ sử dụng cảm nhận			openseo-sample
thang đo thái độ	10		openseo-sample
cách chạy t test một mẫu trong spss			openseo-sample
cách chạy independent samples t test trong spss			openseo-sample
cách chạy paired samples t test trong spss			openseo-sample
cách chạy nhập liệu trong spss			openseo-sample
cách chạy mã hóa lại biến recode trong spss			openseo-sample
cách chạy compute variable trong spss			openseo-sample
biến trung gian là gì	210	0	openseo-sample
thang đo định danh là gì	50		openseo-sample
thang đo thứ bậc là gì			openseo-sample
thang đo chất lượng dịch vụ	10		openseo-sample
thang đo chất lượng sản phẩm			openseo-sample
thang đo chất lượng cảm nhận			openseo-sample
outer loading trong smartpls			openseo-sample
độ tin cậy tổng hợp trong smartpls			openseo-sample
ave trong smartpls	10		openseo-sample
cỡ mẫu tối thiểu là gì			openseo-sample
chọn mẫu thuận tiện là gì			openseo-sample
mô hình tam	1000	0	openseo-sample
mô hình chấp nhận công nghệ tam	320	0	openseo-sample
mô hình tam 2			openseo-sample
thang đo năng lực cạnh tranh			openseo-sample
thang đo hiệu quả hoạt động doanh nghiệp			openseo-sample
thang đo hiệu quả tài chính			openseo-sample
hệ số cronbach alpha là gì	50		openseo-sample
độ tin cậy thang đo là gì			openseo-sample
giá trị hội tụ là gì	10		openseo-sample
giá trị phân biệt là gì			openseo-sample
khảo sát online	170	43	openseo-sample
cách viết tài liệu tham khảo luận văn			openseo-sample
cách viết phụ lục luận văn			openseo-sample
cách viết tóm tắt luận văn			openseo-sample
thang đo ý định mua			openseo-sample
thang đo ý định mua lại			openseo-sample
thang đo ý định sử dụng			openseo-sample
dữ liệu bảng là gì			openseo-sample
bảng câu hỏi khảo sát	170	0	openseo-sample
mô hình tra	260	0	openseo-sample
mô hình hành động hợp lý			openseo-sample
mô hình tpb	590	0	openseo-sample
mô hình 5 khoảng cách chất lượng dịch vụ	40		openseo-sample
mô hình maslow	210	0	openseo-sample
mô hình hai nhân tố herzberg			openseo-sample
mô hình kỳ vọng vroom			openseo-sample
mô hình 5 áp lực cạnh tranh porter			openseo-sample
mô hình chuỗi giá trị porter	10		openseo-sample
mô hình swot	3600	0	openseo-sample
ma trận xoay lộn xộn phải làm sao			openseo-sample
ma trận xoay không hội tụ phải làm sao			openseo-sample
biến bị loại khi xoay nhân tố phải làm sao			openseo-sample
thang đo truyền miệng điện tử			openseo-sample
thang đo marketing nội dung			openseo-sample
thang đo marketing người ảnh hưởng			openseo-sample
vif trong smartpls			openseo-sample
r square trong smartpls			openseo-sample
f square trong smartpls			openseo-sample
cách chạy thống kê mô tả trong spss	40		openseo-sample
cách chạy bảng tần số trong spss			openseo-sample
cách chạy bảng chéo crosstabs trong spss			openseo-sample
vif cao phải làm sao			openseo-sample
r bình phương quá thấp phải làm sao			openseo-sample
hệ số hồi quy trái dấu phải làm sao			openseo-sample
thang đo lòng trung thành khách hàng			openseo-sample
thang đo lòng trung thành thương hiệu			openseo-sample
thang đo ý định quay lại			openseo-sample
thang đo giá cả cảm nhận			openseo-sample
thang đo giá trị cảm nhận			openseo-sample
thang đo giá trị hưởng thụ			openseo-sample
cách chạy hồi quy tuyến tính trong spss			openseo-sample
cách chạy hồi quy bội trong spss			openseo-sample
cách chạy hồi quy logistic trong spss			openseo-sample
mô hình trật tự phân hạng			openseo-sample
mô hình đánh đổi cấu trúc vốn			openseo-sample
mô hình tín hiệu			openseo-sample
cách viết mở đầu luận văn			openseo-sample
cách viết lý do chọn đề tài luận văn			openseo-sample
cách viết mục tiêu nghiên cứu luận văn			openseo-sample
dữ liệu không phân phối chuẩn phải làm sao			openseo-sample
mẫu quá nhỏ phải làm sao			openseo-sample
dữ liệu bị thiếu nhiều phải làm sao			openseo-sample
thang đo nhận biết thương hiệu			openseo-sample
thang đo hình ảnh thương hiệu			openseo-sample
thang đo giá trị thương hiệu			openseo-sample
tạo dự án mới trong smartpls			openseo-sample
nhập dữ liệu csv trong smartpls			openseo-sample
vẽ mô hình đo lường trong smartpls			openseo-sample
pls algorithm trong smartpls			openseo-sample
bootstrapping trong smartpls			openseo-sample
blindfolding trong smartpls			openseo-sample
biến trung gian trong smartpls			openseo-sample
biến điều tiết trong smartpls	10		openseo-sample
biến tương tác trong smartpls			openseo-sample
cỡ mẫu tối thiểu			openseo-sample
cỡ mẫu efa			openseo-sample
mô hình 4p marketing mix			openseo-sample
mô hình 7p marketing mix			openseo-sample
mô hình aida	1600	0	openseo-sample
cách viết phương pháp nghiên cứu luận văn			openseo-sample
cách viết quy trình nghiên cứu luận văn			openseo-sample
cách viết thiết kế nghiên cứu luận văn			openseo-sample
anova là gì	390	0	harvest
ave là gì	1000	0	harvest
biến kiểm soát là gì	390	0	harvest
biến điều tiết là gì	260	0	harvest
cronbach alpha là gì	480	0	harvest
công thức tính cỡ mẫu	480	0	harvest
cỡ mẫu là gì	4400	0	harvest
df là gì	880	0	harvest
dữ liệu sơ cấp là gì	720	0	harvest
dữ liệu thứ cấp	880	0	harvest
dữ liệu thứ cấp là gì	1300	0	harvest
efa là gì	390	0	harvest
form khảo sát	6600	0	harvest
hồi quy tuyến tính là gì	320	0	harvest
mô hình servperf	320	0	harvest
mô hình servqual	1300	0	harvest
mẫu phiếu khảo sát	320	0	harvest
outlier là gì	1000	0	harvest
p value là gì	590	0	harvest
phiếu khảo sát	1300	0	harvest
phương pháp chọn mẫu	210	0	harvest
phương sai là gì	2900	0	harvest
pls sem là gì	320	0	harvest
sem là gì	1300	0	harvest
skewness là gì	320	0	harvest
t test là gì	260	0	harvest
thang đo likert là gì	260	0	harvest
thống kê mô tả là gì	320	0	harvest
trung vị là gì	4400	0	harvest
vif là gì	260	0	harvest
đa cộng tuyến là gì	320	0	harvest
độ lệch chuẩn là gì	2900	0	harvest
