keyword	search_volume	kd	intent	rank	url
cách ghi tài liệu tham khảo	14800	0	informational	12	/sinh-vien-kinh-te-nckh/trich-dan-nao-la-dung-cach/
spss	14800	4	informational	24	/sinh-vien-kinh-te-nckh/gioi-thieu-phan-mem-spss/
cách trích dẫn tài liệu tham khảo	9900	0	informational	15	/sinh-vien-kinh-te-nckh/trich-dan-nao-la-dung-cach/
nghiên cứu	9900	0	informational	48	/sinh-vien-kinh-te-nckh/quy-trinh-thuc-hien-nghien-cuu-khoa-hoc/
nghiên cứu khoa học	6600	0	informational	20	/sinh-vien-kinh-te-nckh/quy-trinh-thuc-hien-nghien-cuu-khoa-hoc/
bảng hỏi là gì	4400	0	informational	2	/sinh-vien-kinh-te-nckh/cac-noi-dung-co-ban-trong-mot-bang-hoi-khao-sat/
case study là gì	4400	0	informational	14	/sinh-vien-kinh-te-nckh/gioi-thieu-phuong-phap-nghien-cuu-case-study/
scale là gì	4400	0	informational	59	/sinh-vien-kinh-te-nckh/cac-loai-thang-do-su-dung-trong-nghien-cuu/
case study	3600	0	informational	28	/sinh-vien-kinh-te-nckh/gioi-thieu-phuong-phap-nghien-cuu-case-study/
citation là gì	2900	0	informational	61	/sinh-vien-kinh-te-nckh/trich-dan-nao-la-dung-cach/
nckh là gì	2900	0	informational	11	/sinh-vien-kinh-te-nckh/quy-trinh-thuc-hien-nghien-cuu-khoa-hoc/
nghiên cứu khoa học là gì	2900	0	informational	15	/sinh-vien-kinh-te-nckh/quy-trinh-thuc-hien-nghien-cuu-khoa-hoc/
pilot là gì	2900	0	informational	10	/sinh-vien-kinh-te-nckh/pilot-test-ban-da-biet-cach-thuc-hien/
piloting là gì	2900	0	informational	8	/sinh-vien-kinh-te-nckh/pilot-test-ban-da-biet-cach-thuc-hien/
spss là gì	2900	0	informational	20	/sinh-vien-kinh-te-nckh/gioi-thieu-phan-mem-spss/
phương pháp nghiên cứu khoa học	2400	0	informational	13	/sinh-vien-kinh-te-nckh/phuong-phap-nghien-cuu-khoa-hoc-va-phuong-phap-luan-nghien-cuu-khoa-hoc/
smart pls	2400	0	informational	6	/sinh-vien-kinh-te-nckh/gioi-thieu-phan-mem-smartpls/
đề tài nghiên cứu khoa học	2400	0	informational	8	/sinh-vien-kinh-te-nckh/nhung-nguon-y-tuong-cho-de-tai-nghien-cuu/
eviews	1900	0	informational	4	/sinh-vien-kinh-te-nckh/gioi-thieu-phan-mem-eview/
likert scale là gì	1900	0	informational	44	/sinh-vien-kinh-te-nckh/cac-loai-thang-do-su-dung-trong-nghien-cuu/
trích dẫn tài liệu tham khảo	1900	0	informational	19	/sinh-vien-kinh-te-nckh/trich-dan-nao-la-dung-cach/
định tính là gì	1900	0	informational	17	/sinh-vien-kinh-te-nckh/phan-biet-ppnc-dinh-luong-va-ppnc-dinh-tinh/
thang đo likert 5 mức độ	1600	0	informational	79	/sinh-vien-kinh-te-nckh/cac-loai-thang-do-su-dung-trong-nghien-cuu/
đạo văn	1600	0	informational	10	/sinh-vien-kinh-te-nckh/loi-dao-van-trong-nghien-cuu-khoa-hoc-va-cach-phong-tranh/
đề cương nghiên cứu khoa học	1600	0	informational	9	/sinh-vien-kinh-te-nckh/nhung-noi-dung-can-co-trong-mot-ban-de-cuong-nghien-cuu-chi-tiet/
các phương pháp nghiên cứu khoa học	1300	0	informational	13	/sinh-vien-kinh-te-nckh/cac-phuong-phap-thuong-duoc-su-dung-trong-nghien-cuu-kinh-te/
logo ueb	1300	0	navigational	10	/sinh-vien-kinh-te-nckh/1744/attachment/ueb-vnu-logo/
phương pháp nghiên cứu	1300	0	informational	14	/sinh-vien-kinh-te-nckh/cac-phuong-phap-thuong-duoc-su-dung-trong-nghien-cuu-kinh-te/
định lượng là gì	1300	0	informational	7	/sinh-vien-kinh-te-nckh/phan-biet-ppnc-dinh-luong-va-ppnc-dinh-tinh/
định tính	1300	0	informational	4	/sinh-vien-kinh-te-nckh/phan-biet-ppnc-dinh-luong-va-ppnc-dinh-tinh/
lý do chọn đề tài	1000	0	informational	20	/sinh-vien-kinh-te-nckh/luu-y-khi-dat-ten-de-tai-nghien-cuu/
phần mềm spss	1000	0	informational	20	/sinh-vien-kinh-te-nckh/gioi-thieu-phan-mem-spss/
định tính và định lượng là gì	1000	0	informational	5	/sinh-vien-kinh-te-nckh/phan-biet-ppnc-dinh-luong-va-ppnc-dinh-tinh/
bài nghiên cứu khoa học	880	0	informational	19	/sinh-vien-kinh-te-nckh/quy-trinh-thuc-hien-nghien-cuu-khoa-hoc/
các phương pháp nghiên cứu	880	0	informational	23	/sinh-vien-kinh-te-nckh/cac-phuong-phap-thuong-duoc-su-dung-trong-nghien-cuu-kinh-te/
cách ghi nguồn hình ảnh	880	0	informational	22	/sinh-vien-kinh-te-nckh/trich-dan-nao-la-dung-cach/
cách làm bảng hỏi	880	0	informational	1	/sinh-vien-kinh-te-nckh/quy-trinh-thiet-ke-bang-hoi-nghien-cuu/
danh mục la gì	880	0	informational	33	/sinh-vien-kinh-te-nckh/dau-la-nhung-noi-dung-can-chu-y-khi-doc-tai-lieu-nghien-cuu/
p l s là gì	880	0	informational	17	/sinh-vien-kinh-te-nckh/gioi-thieu-phan-mem-smartpls/
pls là gì	880	0	informational	17	/sinh-vien-kinh-te-nckh/gioi-thieu-phan-mem-smartpls/
trích dẫn	880	0	informational	5	/sinh-vien-kinh-te-nckh/trich-dan-nao-la-dung-cach/
stata là gì	720	0	informational	2	/sinh-vien-kinh-te-nckh/gioi-thieu-phan-mem-stata/
ví dụ về câu hỏi định lượng	720	0	informational	8	/sinh-vien-kinh-te-nckh/phan-biet-ppnc-dinh-luong-va-ppnc-dinh-tinh/
đạo văn là gì	720	0	informational	2	/sinh-vien-kinh-te-nckh/loi-dao-van-trong-nghien-cuu-khoa-hoc-va-cach-phong-tranh/
các đề tài nghiên cứu khoa học	590	0	informational	4	/sinh-vien-kinh-te-nckh/nhung-nguon-y-tuong-cho-de-tai-nghien-cuu/
cách viết reference	590	0	informational	13	/sinh-vien-kinh-te-nckh/trich-dan-nao-la-dung-cach/
dữ liệu định lượng là gì	590	0	informational	28	/sinh-vien-kinh-te-nckh/phan-biet-ppnc-dinh-luong-va-ppnc-dinh-tinh/
khuyến nghị là gì	590	0	informational	19	/sinh-vien-kinh-te-nckh/nen-trinh-bay-phan-ket-luan-va-khuyen-nghi-cua-nghien-cuu-nhu-the-nao/
stata 17	590	1	informational	25	/sinh-vien-kinh-te-nckh/gioi-thieu-phan-mem-stata/
định tính và định lượng	590	0	informational	5	/sinh-vien-kinh-te-nckh/phan-biet-ppnc-dinh-luong-va-ppnc-dinh-tinh/
chuyên môn	480	0	informational	36	/hoat-dong-noi-bo/gioi-thieu-ban-chuyen-mon/
cách trích dẫn	480	0	informational	4	/sinh-vien-kinh-te-nckh/trich-dan-nao-la-dung-cach/
dịch vụ smart pls	480	0	navigational	25	/sinh-vien-kinh-te-nckh/gioi-thieu-phan-mem-smartpls/
khách thể nghiên cứu là gì	480	0	informational	28	/sinh-vien-kinh-te-nckh/quy-trinh-thuc-hien-nghien-cuu-khoa-hoc/
khảo sát là gì	480	0	informational	25	/sinh-vien-kinh-te-nckh/cac-noi-dung-co-ban-trong-mot-bang-hoi-khao-sat/
mục tiêu nghiên cứu	480	0	informational	21	/sinh-vien-kinh-te-nckh/dau-la-nhung-noi-dung-can-chu-y-khi-doc-tai-lieu-nghien-cuu/
nghiên cứu định tính	480	0	informational	3	/sinh-vien-kinh-te-nckh/phan-biet-ppnc-dinh-luong-va-ppnc-dinh-tinh/
những bài nghiên cứu khoa học của sinh viên	480	0	informational	19	/du-an-rces-spreadout/gioi-thieu-nhung-bai-nghien-cuu-khoa-hoc-sinh-vien/
phương pháp luận nghiên cứu khoa học	480	0	informational	5	/sinh-vien-kinh-te-nckh/phuong-phap-nghien-cuu-khoa-hoc-va-phuong-phap-luan-nghien-cuu-khoa-hoc/
trích yếu là gì	480	0	informational	20	/sinh-vien-kinh-te-nckh/trich-dan-nao-la-dung-cach/
đề cương là gì	480	0	informational	4	/sinh-vien-kinh-te-nckh/tai-sao-phai-xay-dung-de-cuong-nghien-cuu/
đối tượng nghiên cứu là gì	480	0	informational	31	/sinh-vien-kinh-te-nckh/dau-la-nhung-noi-dung-can-chu-y-khi-doc-tai-lieu-nghien-cuu/
bảng khảo sát	390	0	informational	20	/sinh-vien-kinh-te-nckh/cac-noi-dung-co-ban-trong-mot-bang-hoi-khao-sat/
cách ghi nguồn trích dẫn hình ảnh	390	0	informational	26	/sinh-vien-kinh-te-nckh/trich-dan-nao-la-dung-cach/
câu hỏi nghiên cứu	390	0	informational	25	/sinh-vien-kinh-te-nckh/nhung-cau-hoi-cua-sinh-vien-moi-bat-dau-den-voi-hoat-dong-nckh-phan-1/
giáo trình phương pháp nghiên cứu khoa học pdf	390	0	informational	13	/sinh-vien-kinh-te-nckh/ebook-phuong-phap-luan-nghien-cuu-khoa-hoc/
thiết kế bảng hỏi	390	0	informational	2	/sinh-vien-kinh-te-nckh/quy-trinh-thiet-ke-bang-hoi-nghien-cuu/
trích dẫn ieee	390	0	informational	47	/sinh-vien-kinh-te-nckh/trich-dan-nao-la-dung-cach/
trích dẫn là gì	390	0	informational	8	/sinh-vien-kinh-te-nckh/trich-dan-nao-la-dung-cach/
trích dẫn sách	390	0	informational	9	/sinh-vien-kinh-te-nckh/trich-dan-nao-la-dung-cach/
ueb logo	390	0	navigational	12	/sinh-vien-kinh-te-nckh/1744/attachment/ueb-vnu-logo/
vũ cao đàm	390	0	informational	49	/sinh-vien-kinh-te-nckh/ebook-phuong-phap-luan-nghien-cuu-khoa-hoc/
định tính định lượng la gì	390	0	informational	10	/sinh-vien-kinh-te-nckh/phan-biet-ppnc-dinh-luong-va-ppnc-dinh-tinh/
định tính định lượng là gì	390	0	informational	4	/sinh-vien-kinh-te-nckh/phan-biet-ppnc-dinh-luong-va-ppnc-dinh-tinh/
các đề tài nghiên cứu khoa học cho sinh viên	320	0	informational	10	/sinh-vien-kinh-te-nckh/nhung-nguon-y-tuong-cho-de-tai-nghien-cuu/
cách lấy số liệu tư tổng cục thống kê	320	0	informational	15	/sinh-vien-kinh-te-nckh/gioi-thieu-mot-so-nguon-lay-du-lieu-thu-cap-dang-tin-cay/
cách trình bày tài liệu tham khảo	320	0	informational	19	/sinh-vien-kinh-te-nckh/trich-dan-nao-la-dung-cach/
nghiên cứu định lượng	320	0	informational	3	/sinh-vien-kinh-te-nckh/phan-biet-ppnc-dinh-luong-va-ppnc-dinh-tinh/
phương pháp nghiên cứu định tính	320	0	informational	4	/sinh-vien-kinh-te-nckh/phan-biet-ppnc-dinh-luong-va-ppnc-dinh-tinh/
phương pháp định tính	320	0	informational	13	/sinh-vien-kinh-te-nckh/phan-biet-ppnc-dinh-luong-va-ppnc-dinh-tinh/
phần mềm eview	320	0	transactional	1	/sinh-vien-kinh-te-nckh/gioi-thieu-phan-mem-eview/
phần mềm eviews	320	0	navigational	1	/sinh-vien-kinh-te-nckh/gioi-thieu-phan-mem-eview/
phần mềm spss là gì	320	0	informational	25	/sinh-vien-kinh-te-nckh/gioi-thieu-phan-mem-spss/
pls sem là gì	320	0	informational	27	/sinh-vien-kinh-te-nckh/gioi-thieu-phan-mem-smartpls/
pls-sem là gì	320	0	informational	37	/sinh-vien-kinh-te-nckh/gioi-thieu-phan-mem-smartpls/
tổng quan nghiên cứu	320	0	informational	20	/sinh-vien-kinh-te-nckh/dau-la-nhung-noi-dung-can-chu-y-khi-doc-tai-lieu-nghien-cuu/
tổng quan nghiên cứu là gì	320	0	informational	24	/sinh-vien-kinh-te-nckh/dau-la-nhung-noi-dung-can-chu-y-khi-doc-tai-lieu-nghien-cuu/
định lượng và định tính	320	0	informational	2	/sinh-vien-kinh-te-nckh/phan-biet-ppnc-dinh-luong-va-ppnc-dinh-tinh/
chạy spss là gì	260	0	informational	39	/sinh-vien-kinh-te-nckh/gioi-thieu-phan-mem-spss/
chủ đề nghiên cứu khoa học	260	0	informational	3	/sinh-vien-kinh-te-nckh/nhung-nguon-y-tuong-cho-de-tai-nghien-cuu/
các phương pháp	260	5	informational	20	/sinh-vien-kinh-te-nckh/cac-phuong-phap-thuong-duoc-su-dung-trong-nghien-cuu-kinh-te/
cách trích nguồn tài liệu tham khảo	260	0	informational	15	/sinh-vien-kinh-te-nckh/trich-dan-nao-la-dung-cach/
câu hỏi nghiên cứu là gì	260	0	informational	31	/sinh-vien-kinh-te-nckh/nhung-cau-hoi-cua-sinh-vien-moi-bat-dau-den-voi-hoat-dong-nckh-phan-1/
khoảng trống nghiên cứu là gì	260	0	informational	49	/sinh-vien-kinh-te-nckh/nen-trinh-bay-phan-ket-luan-va-khuyen-nghi-cua-nghien-cuu-nhu-the-nao/
mendeley là gì	260	0	informational	6	/sinh-vien-kinh-te-nckh/trich-dan-tu-dong-voi-phan-mem-mendeley/
nghiên cứu khoa học sinh viên	260	0	informational	42	/du-an-rces-spreadout/gioi-thieu-nhung-bai-nghien-cuu-khoa-hoc-sinh-vien/
nghiên cứu định lượng là gì	260	0	informational	3	/sinh-vien-kinh-te-nckh/phan-biet-ppnc-dinh-luong-va-ppnc-dinh-tinh/
phương pháp định lượng	260	0	informational	13	/sinh-vien-kinh-te-nckh/phan-biet-ppnc-dinh-luong-va-ppnc-dinh-tinh/
phương pháp định tính là gì	260	0	informational	16	/sinh-vien-kinh-te-nckh/phan-biet-ppnc-dinh-luong-va-ppnc-dinh-tinh/
phạm vi nghiên cứu	260	0	informational	27	/sinh-vien-kinh-te-nckh/nen-trinh-bay-phan-ket-luan-va-khuyen-nghi-cua-nghien-cuu-nhu-the-nao/
