keyword	search_volume	kd	intent
spss	14800	4	informational
spss download	2900	0	transactional
spss là gì	2900	0	informational
dịch vụ spss	1900	14	informational
tải spss	1900	0	informational
cách tải spss	880	0	informational
ibm spss	720	36	informational
dịch vụ spss phạm lộc blog	590	8	informational
dịch vụ xử lý số liệu spss	590	15	informational
cách chạy spss	480	0	informational
dịch vụ spss net	480	2	navigational
spss download free	390	3	informational
spss for mac	390	0	informational
thuê chạy spss	390	15	commercial
spss download for mac	260	0	transactional
chạy spss là gì	260	0	informational
spss free download for windows	210	3	informational
spss download free for windows	210		transactional
spss cách dùng	210	0	navigational
spss online	170	15	informational
cách sử dụng spss	170	0	informational
dịch vụ spss xulydinhluong	170		navigational
spss download pc	140		transactional
cách tải spss miễn phí	140	0	informational
bài tập spss có lời giải	140	0	informational
tải spss 20 miễn phí	110	0	informational
cách tải spss về máy tính	90	42	informational
ibm spss download	90		transactional
spss online free	90		informational
spss free download	90	3	informational
download spss free	90	3	informational
tải spss cho window	90		transactional
spss 26 download	90		transactional
spss cho macbook	90		informational
cách tải spss cho macbook	70		transactional
ibm spss download free	70		informational
cách sử dụng spss trong nghiên cứu khoa học	70		informational
tải spss 26 miễn phí	70		informational
spss web	50		navigational
spss download for mac free	50		transactional
download spss for windows	50	0	transactional
tải spss 22 miễn phí	50	0	informational
tải spss 27 miễn phí	50		informational
spss 29	40		informational
hướng dẫn sử dụng spss 26 pdf	40		informational
cách chạy spss: thống kê mô tả	40		informational
cách chạy spss thang đo likert	40		informational
spss là viết tắt của từ gì	30		informational
cách tải ibm spss	30		transactional
spss 30	30		informational
spss for students	30		informational
các bước chạy spss	30		informational
cách chạy spss từ gg form	30		informational
cách tải spss 20 cho macbook	30		transactional
spss 28	20		informational
cách tải spss cho window	20		transactional
spss là gì và cách sử dụng	20		informational
spss là môn gì	20		informational
ibm spss 27	20		transactional
ibm spss 26	20		informational
spss 20 for mac	20		transactional
hướng dẫn chạy spss phạm lộc	20		informational
chạy spss online	20		informational
hướng dẫn sử dụng spss 20 pdf	20		informational
spss 27 mac	20		transactional
spss download ios	10		transactional
cách tải spss cho dell	10		transactional
ibm spss 25	10		informational
ibm spss download for windows	10		navigational
spss 27 download free	10		informational
download spss for mac m1	10		transactional
spss 29 for mac	10		transactional
dịch vụ spss 700k	10		commercial
lỗi tải spss	10		informational
phamlocblog cài đặt spss	10		informational
phần mềm xử lý số liệu thống kê spss	10		transactional
spss 20 phạm lộc blog	10	0	informational
dịch vụ spss xulysolieu info	10		navigational
spss free download for windows 11	10		transactional
spss trong nghiên cứu khoa học là gì	10		informational
cách sử dụng spss 20	10		informational
hướng dẫn sử dụng spss pdf	10		informational
cách chạy spss cho nghiên cứu khoa học	10		transactional
cách chạy spss từ excel	10		transactional
cách chạy spss 20	10		informational
spss for mac m1	10		transactional
spss for mac m2	10		transactional
tải spss về diện thoại	0		transactional
