query	rank	domain	url	title
cách chạy spss	1	www.phamlocblog.com	https://www.phamlocblog.com/2025/01/cach-su-dung-spss-trong-nghien-cuu-khoa-hoc.html	Cách sử dụng SPSS trong nghiên cứu khoa học từ A-Z
cách chạy spss	2	phantichspss.com	https://phantichspss.com/huong-dan-su-dung-spss-co-ban-cho-nguoi-moi-bat-dau.html	Hướng dẫn sử dụng spss cơ bản cho người mới bắt đầu
cách chạy spss	3			
cách chạy spss	4	www.phamlocblog.com	https://www.phamlocblog.com/2024/02/cach-xu-ly-so-lieu-tren-phan-mem-spss.html	Cách xử lý số liệu trong SPSS toàn tập từ A đến Z mới nhất
cách chạy spss	5			
cách chạy spss	6	vinuni.edu.vn	https://vinuni.edu.vn/vi/cach-su-dung-spss-trong-nghien-cuu-khoa-hoc-2/	Cách sử dụng SPSS trong nghiên cứu khoa học từ A - Z
cách chạy spss	7	xulysolieu.info	https://xulysolieu.info/cach-chay-spss-nghien-cuu-khoa-hoc-huong-dan-chi-tiet-cho-sinh-vien-va-nghien-cuu-vien/	Cách chạy spss nghiên cứu khoa học – Hướng dẫn chi tiết
cách chạy spss	8	vietguru.net	https://vietguru.net/cac-buoc-chay-spss/	Các bước chạy SPSS đơn giản & hiệu quả
cách chạy spss	9	www.facebook.com	https://www.facebook.com/khoahoctre/posts/%E1%BB%A9ng-d%E1%BB%A5ng-spss-trong-nghi%C3%AAn-c%E1%BB%A9u-khoa-h%E1%BB%8Dc-x%C3%A3-h%E1%BB%99i-l%C3%BD-thuy%E1%BA%BFt-v%C3%A0-th%E1%BB%B1c-ti%E1%BB%85ngi%E1%BB%9Bi-thi%E1%BB%87ut/1095463592613477/	Ứng dụng SPSS trong nghiên cứu khoa học xã hội
cách chạy spss	10	www.studocu.vn	https://www.studocu.vn/vn/document/truong-dai-hoc-tai-chinh-marketing/marketing/quy-trinh-chay-spss-spss/60583672	QUY TRÌNH CHẠY SPSS - Hướng dẫn Phân tích Dữ liệu ...
cách chạy spss	11	trithuccongdong.net	https://trithuccongdong.net/dich-vu-xu-ly-so-lieu-spss.html	Dịch vụ SPSS – Chạy SPSS Thuê Uy Tín & Chính Xác Chỉ ...
cách chạy spss	12	nhanh.vn	https://nhanh.vn/tat-tan-tat-ve-phan-mem-spss-tinh-nang-va-huong-dan-su-dung-n101939.html	Tất tần tật về phần mềm SPSS: Tính năng và hướng dẫn ...
cách chạy spss	13	www.scribd.com	https://www.scribd.com/document/644305705/SPSS-la-gi-Cach-s%E1%BB%AD-d%E1%BB%A5ng-ph%E1%BA%A7n-m%E1%BB%81m-SPSS-trong-nghien-c%E1%BB%A9u-khoa-h%E1%BB%8Dc	Cách sử dụng phần mềm SPSS trong nghiên cứu khoa học
cách chạy spss	14	luanvanviet.com	https://luanvanviet.com/cach-chay-thong-ke-mo-ta-spss/	Cách Chạy Thống Kê Mô Tả SPSS Từ A - Z
cách chạy spss	15	www.youtube.com	https://www.youtube.com/watch?v=0v0QxtVI6Eg	How to Use SPSS for Beginners
cách chạy spss	16	thongke.cesti.gov.vn	https://thongke.cesti.gov.vn/dich-vu-thong-ke/tai-lieu-phan-tich-thong-ke/1081-cach-lam-sach-du-lieu-spss-nhanh-chong-hieu-qua	Cách làm sạch dữ liệu bằng SPSS nhanh chóng và hiệu quả
cách chạy spss	17	www.youtube.com	https://www.youtube.com/playlist?list=PLlPqU9QePDLhwEdTg8eZF2IpZ6nYpDXO5	Học SPSS cơ bản
cách chạy spss	18	www.thegioididong.com	https://www.thegioididong.com/game-app/spss-la-gi-ung-dung-spss-cho-nghien-cuu-hoc-thuat-1379751	SPSS là gì? Ứng dụng SPSS cho nghiên cứu học thuật
cách chạy spss	19	xulysolieu.info	https://xulysolieu.info/cach-chay-spss-hieu-qua-trong-nghien-cuu-khoa-hoc/	Cách Chạy SPSS Hiệu Quả Trong Nghiên Cứu Khoa Học
cách chạy spss	20	xulydinhluong.com	https://xulydinhluong.com/huong-dan-cach-chay-spss-cho-nguoi-moi-bat-dau/	Hướng dẫn cách chạy SPSS cho người mới bắt đầu
cronbach alpha	1			
cronbach alpha	2	www.phamlocblog.com	https://www.phamlocblog.com/2017/03/kiem-dinh-do-tin-cay-cronbach-alpha-spss.html	Phân tích độ tin cậy Cronbach's Alpha trong SPSS
cronbach alpha	3	xulydinhluong.com	https://xulydinhluong.com/phan-tich-cronbachs-alpha-trong-spss/	Hướng dẫn phân tích Cronbach's Alpha trong SPSS từ A-Z
cronbach alpha	4	www.studocu.vn	https://www.studocu.vn/vn/document/dai-hoc-cong-nghiep-thuc-pham-thanh-pho-ho-chi-minh/nghien-cuu-thi-truong/43-phan-tich-do-tin-cay-thang-do-cronbachs-alpha/74202455	Phân Tích Độ Tin Cậy Thang Đo Bằng Cronbach's Alpha
cronbach alpha	5			
cronbach alpha	6	stats.oarc.ucla.edu	https://stats.oarc.ucla.edu/spss/faq/what-does-cronbachs-alpha-mean/	What does Cronbach's alpha mean? | SPSS FAQ - OARC Stats
cronbach alpha	7		https://www.google.com/search?sca_esv=a39be9d9e408cef3&hl=vi&gl=VN&q=cronbach+alpha&udm=2&source=univ&fir=rAb3c1L1bTdltM%252CsXfxToEISIWItM%252C_%253BP0LXHVxRQEn1RM%252CT-nDLNLdY8081M%252C_%253Bkm4etCXo25JzoM%252CtOSuK5pCfm7_4M%252C_%253BYcC3qZ5krnbneM%252CeXejaoa_BzhamM%252C_%253BPhYA1IwLqcUaDM%252CRg-p-4QenHv2kM%252C_%253Bgp7-lF2naRhJtM%252CFG9khbGXQG6AEM%252C_%253BoA_0q_WGC1KrcM%252CIpzu5T7-6VAa1M%252C_%253BgO49aPmIuL39sM%252C0i3aRDPv51Ld1M%252C_%253BhgLHaVJLa4V5pM%252CsXfxToEISIWItM%252C_&usg=AI4_-kQDIuKQAZDGFLtENypnOqt22J94DQ&sa=X&ved=2ahUKEwjL-4yT9NyWAxU__7sIHYL_OFIQ7Al6BAhVEAU	Hình ảnh
cronbach alpha	8	thongke.cesti.gov.vn	https://thongke.cesti.gov.vn/dich-vu-thong-ke/tai-lieu-phan-tich-thong-ke/726-danh-gia-do-tin-cay-thang-do-spss	Đánh giá độ tin cậy của thang đo bằng phần mềm SPSS
cronbach alpha	9	xulysolieu.info	https://xulysolieu.info/he-so-cronbach-alpha-kiem-dinh-do-tin-cay-4/	Hệ số Cronbach Alpha: Kiểm định Độ Tin Cậy Thang Đo
cronbach alpha	10	www.phamlocblog.com	https://www.phamlocblog.com/2017/10/cach-doc-ket-qua-cronbach-alpha-spss.html	Cách đọc và nhận xét bảng kết quả kiểm định Cronbach's ...
cronbach alpha	11	bvnguyentriphuong.com.vn	https://bvnguyentriphuong.com.vn/nghien-cuu-khoa-hoc-va-thu-nghiem-lam-sang/phan-tich-do-tin-cay-cronbachs-alpha-cua-bo-cau-hoi	Phân tích độ tin cậy Cronbach's Alpha của bộ câu hỏi
cronbach alpha	12			
cronbach alpha	13	en.wikipedia.org	https://en.wikipedia.org/wiki/Cronbach%27s_alpha	Cronbach's alpha
cronbach alpha	14	www.youtube.com	https://www.youtube.com/watch?v=zmErdguz2Jc	How to Run Cronbach Alpha in SPSS
cronbach alpha	15	nghiencuukhoahoc.edu.vn	https://nghiencuukhoahoc.edu.vn/bai-viet/phan-tich-do-tin-cay-thang-do.html?srsltid=AfmBOooI2UuSMk4URYmY2tPNNWw9iDCBCZhiT-uOnmC9DEUGCfTf54Yu	PHÂN TÍCH ĐỘ TIN CẬY THANG ĐO CRONBACH'S ALPHA
cronbach alpha	16	docs.google.com	https://docs.google.com/document/d/1YQQnD5k_lH600O5dEUEbGmsIsDMDJrtOxPxDb-YNCRI/edit	Cronbach Alpha Là Gì Hướng Dẫn Chạy ...
cronbach alpha	17	nghiencuugiaoduc.com.vn	https://nghiencuugiaoduc.com.vn/bai-8-phan-tich-do-tin-cay-cronbachs-alpha/	Bài 8. Phân tích độ tin cậy Cronbach's Alpha
cronbach alpha	18	mosl.vn	https://mosl.vn/kiem-dinh-cronbach-alpha-spss/	Cách Chạy Cronbach's Alpha Trong SPSS Và Đọc Kết Quả
cronbach alpha	19		https://www.google.com/search?sa=N&hl=vi&gl=VN&sca_esv=a39be9d9e408cef3&q=cronbach+alpha&udm=2&source=univ&fir=rAb3c1L1bTdltM%252CsXfxToEISIWItM%252C_%253BP0LXHVxRQEn1RM%252CT-nDLNLdY8081M%252C_%253Bkm4etCXo25JzoM%252CtOSuK5pCfm7_4M%252C_%253BYcC3qZ5krnbneM%252CeXejaoa_BzhamM%252C_%253BPhYA1IwLqcUaDM%252CRg-p-4QenHv2kM%252C_%253Bgp7-lF2naRhJtM%252CFG9khbGXQG6AEM%252C_%253BoA_0q_WGC1KrcM%252CIpzu5T7-6VAa1M%252C_%253BgO49aPmIuL39sM%252C0i3aRDPv51Ld1M%252C_%253BhgLHaVJLa4V5pM%252CsXfxToEISIWItM%252C_&usg=AI4_-kQDIuKQAZDGFLtENypnOqt22J94DQ&ved=2ahUKEwj88NqT9NyWAxVaK_sDHZEqN5Y4ChDsCXoECCoQBQ	Hình ảnh
cronbach alpha	20	www.youtube.com	https://www.youtube.com/watch?v=hOi0RwAkv7s	Kiểm định độ tin cậy thang đo Cronbach Alpha trên SPSS
smartpls	1	smartpls.com	https://smartpls.com/	SmartPLS
smartpls	2	www.phamlocblog.com	https://www.phamlocblog.com/2021/12/phan-mem-smartpls-full-ban-quyen-crack.html	Tải phần mềm SMARTPLS 3 full vĩnh viễn ...
smartpls	3			
smartpls	4	xulysolieu.info	https://xulysolieu.info/cai-dat-su-dung-phan-mem-smartpls-3-full-ban-quyen/	Cài đặt và sử dụng phần mềm SmartPLS 3 Full Bản Quyền
smartpls	5	rces.info	https://rces.info/sinh-vien-kinh-te-nckh/gioi-thieu-phan-mem-smartpls/	Giới thiệu phần mềm SmartPLS
smartpls	6			
smartpls	7	xulydinhluong.com	https://xulydinhluong.com/phan-mem-smartpls-4-professional-ban-quyen-tron-doi/	Mua phần mềm SMARTPLS 4 Professional – bản quyền ...
smartpls	8			
smartpls	9			
smartpls	1			SmartPLS
smartpls	10	www.phamlocblog.com	https://www.phamlocblog.com/2021/04/cach-su-dung-smartpls-de-phan-tich-sem.html	Làm quen công cụ và cách chạy phần mềm SMARTPLS 3
smartpls	11	www.youtube.com	https://www.youtube.com/playlist?list=PLlPqU9QePDLgf0fsEYfpqZkGc2H3G_Lts	Học SMARTPLS 4 cơ bản
smartpls	12	hocnghiencuu.com	https://hocnghiencuu.com/dich-vu-smartpls/	Dịch vụ phân tích SMARTPLS từ AZ! - Học Nghiên Cứu
smartpls	13	en.wikipedia.org	https://en.wikipedia.org/wiki/SmartPLS	SmartPLS
smartpls	14	www.pacisoft.vn	https://www.pacisoft.vn/tin-san-pham/smart-pls-la-gi-co-dang-de-dau-tu-ban-quyen-mua-chinh-hang-tai-pacisoft/	Smart PLS là gì? Có đáng để đầu tư bản quyền. Mua chính ...
smartpls	15	phanmemsmartpls.blogspot.com	https://phanmemsmartpls.blogspot.com/2018/11/gioi-thieu-ve-phan-mem-smartpls.html	GIỚI THIỆU VỀ PHẦN MỀM SMARTPLS
smartpls	16	xulysolieu.info	https://xulysolieu.info/link-tai-phan-mem-smartpls-full-ban-quyen/	Link tải phần mềm SmartPLS 3, 4 Download Full Bản Quyền
smartpls	17	www.pls-sem.net	https://www.pls-sem.net/news-1/new-smartpls-3-software-for-pls-sem/	NEW SmartPLS 3 Software for PLS-SEM
smartpls	18	www.researchgate.net	https://www.researchgate.net/publication/379413546_A_step-by-step_guide_to_SMARTPLS_4_Data_analysis_using_PLS-SEM_CB-SEM_Process_and_Regression	(PDF) A step-by-step guide to SMARTPLS 4: Data analysis ...
smartpls	19	www.phamlocblog.com	https://www.phamlocblog.com/2025/06/tai-cai-dat-smartpls-3-full-crack-vinh-vien.html	Tải và cài đặt phần mềm SMARTPLS 3 full bản quyền vĩnh ...
mô hình nghiên cứu	1			
mô hình nghiên cứu	2	www.phamlocblog.com	https://www.phamlocblog.com/2025/01/khai-niem-cach-xay-dung-mo-hinh-nghien-cuu.html	Khái niệm, cách xây dựng mô hình nghiên cứu
mô hình nghiên cứu	3	xulysolieu.info	https://xulysolieu.info/cac-mo-hinh-nghien-cuu-khoa-hoc-tu-ly-thuyet/	Các mô hình nghiên cứu khoa học - Từ lý thuyết đến ứng ...
mô hình nghiên cứu	4	tamri.vn	https://tamri.vn/bai-viet/mo-hinh-nghien-cuu/	Mô hình nghiên cứu khoa học là gì? Hướng dẫn cách xây ...
mô hình nghiên cứu	5		https://www.google.com/search?sca_esv=a39be9d9e408cef3&hl=vi&gl=VN&q=m%C3%B4+h%C3%ACnh+nghi%C3%AAn+c%E1%BB%A9u&udm=2&source=univ&fir=Jg7Q1FIe6_FONM%252CkeimzoC3oVoXyM%252C_%253BhK7VB_0ZotIPYM%252CwSbiKmnKR9QMEM%252C_%253BeOIMzFqYQGxv2M%252CW_cG_M0doNYxwM%252C_%253Bywo9j3wHcSv6qM%252CkeimzoC3oVoXyM%252C_%253BlHeNZ91UhdRAkM%252CwSbiKmnKR9QMEM%252C_%253BIa8w2bUI_jNbTM%252CZAIs8yZIxxSorM%252C_%253BKJCzCfarG2t3WM%252CLq2jC-Wkeu0T7M%252C_%253Bfa6OJyOcbH69aM%252Cfd8Tq7mWPr3oXM%252C_%253BC55I-o8-JvvroM%252C8gfxVd6FLZTxQM%252C_&usg=AI4_-kS2C6VvjhxLJhujQoon91nR16Pn8g&sa=X&ved=2ahUKEwj8nZWT9NyWAxVGXUEAHZt0IuAQ7Al6BAgdEAU	Hình ảnh
mô hình nghiên cứu	6	www.studocu.vn	https://www.studocu.vn/vn/document/truong-dai-hoc-thuong-mai/phuong-phap-nghien-cuu-khoa-hoc/mo-hinh-nghien-cuu-cua-mon-phuong-phap-nghien-cuu-khoa-hoc/25319867	Mô hình nghiên cứu trong phương pháp nghiên cứu khoa ...
mô hình nghiên cứu	7	jfm.edu.vn	https://jfm.edu.vn/index.php/jfm/article/download/1/1	thiết lập mô hình nghiên cứu các nhân tố ảnh hưởng
mô hình nghiên cứu	8			
mô hình nghiên cứu	9			
mô hình nghiên cứu	10	www.facebook.com	https://www.facebook.com/groups/nghiencuukhoahocktxh/posts/2848922715493314/	research paradigms ** **mô hình nghiên cứu là gì và tại ...
mô hình nghiên cứu	11	neu.edu.vn	https://neu.edu.vn/Resources/Docs/SubDomain/nhtc/NCKH/NCKHSV/2019%20-%202020/Le%20Van%20Hao%20Phuong%20phap%20NCKH-XHNV-2015.pdf	Le Van Hao Phuong phap NCKH-XHNV-2015.pdf
mô hình nghiên cứu	12			
mô hình nghiên cứu	13	www.slideshare.net	https://www.slideshare.net/slideshow/tng-hp-20-m-hnh-nghin-cu-v-hnh-vi-khch-hng-9-imdocx/252721239	Tổng hợp 20 mô hình nghiên cứu về hành vi khách hàng, 9 ...
mô hình nghiên cứu	14	phantichspss.com	https://phantichspss.com/ve-mo-hinh-nghien-cuu-khoa-hoc-bang-visio.html	Vẽ mô hình nghiên cứu khoa học bằng VISIO
mô hình nghiên cứu	15		https://www.google.com/search?sa=N&hl=vi&gl=VN&sca_esv=a39be9d9e408cef3&q=m%C3%B4+h%C3%ACnh+nghi%C3%AAn+c%E1%BB%A9u&udm=2&source=univ&fir=6koVkJcOPOFVNM%252Cfkyal0Aul0UysM%252C_%253BGOW4OKZNT0FI0M%252CW88AP0mrTshdkM%252C_%253BjxDjstdvveUHKM%252CansiJ735bZOZNM%252C_%253BZop9gTzUl7CxbM%252CwSbiKmnKR9QMEM%252C_%253BgbT1_KcN-lkoHM%252C-TtiqNRzxeSLBM%252C_%253BSCLRvPR5lCz4yM%252Cfkyal0Aul0UysM%252C_%253Bh21lv_CW8kvhDM%252C9Hh5PsKIGuBULM%252C_%253ByCzdothWrPxgJM%252CkeimzoC3oVoXyM%252C_%253BDgVexAMLeEQqjM%252CFuetQtcHKWFEwM%252C_&usg=AI4_-kTbJbdyzx2EkB5VZlrAUsP36D72RQ&ved=2ahUKEwiX9_eT9NyWAxXdRvEDHZfMJGc4ChDsCXoECB0QBQ	Hình ảnh
mô hình nghiên cứu	16	ocd.vn	https://ocd.vn/cac-loai-hinh-nghien-cuu-marketing/	Các loại hình nghiên cứu Marketing
mô hình nghiên cứu	17	xulysolieu.info	https://xulysolieu.info/kham-pha-tam-quan-trong-cua-mo-hinh-nghien-cuu/	Khám phá tầm quan trọng của mô hình nghiên cứu
mô hình nghiên cứu	18	www.scribd.com	https://www.scribd.com/document/644305703/CAC-LO%E1%BA%A0I-BI%E1%BA%BEN-TRONG-MO-HINH-NGHIEN-C%E1%BB%A8U	CÁC LOẠI BIẾN TRONG MÔ HÌNH NGHIÊN CỨU | PDF
mô hình nghiên cứu	19	tudien.dolenglish.vn	https://tudien.dolenglish.vn/mo-hinh-nghien-cuu-tieng-anh-la-gi	Mô hình nghiên cứu Tiếng Anh là gì - DOL Dictionary
mô hình nghiên cứu	20	www.studocu.vn	https://www.studocu.vn/vn/document/truong-dai-hoc-ngoai-ngu-tin-hoc-tp-hcm-huflit-co-so-hoc-mon/phuong-phap-nghien-cuu-khoa-hoc/huong-dan-xay-dung-mo-hinh-nghien-cuu-bo-cau-hoi-khao-sat/152145255	Hướng Dẫn Xây Dựng Mô Hình Nghiên Cứu & Bộ Câu Hỏi ...
thang đo likert	1			
thang đo likert	2		https://www.google.com/search?sca_esv=a39be9d9e408cef3&hl=vi&gl=VN&q=thang+%C4%91o+likert&udm=2&source=univ&fir=Nm8sgdhYMfnyTM%252Ccsd4Zi7fYvdHiM%252C_%253BycMHue-hD8kvEM%252CPuMXDkAl9RSd3M%252C_%253BXjxGaAAMm8eCnM%252Ccsd4Zi7fYvdHiM%252C_%253BSOYa9NpdrvEnvM%252Clx4XNMLlOHN7vM%252C_%253B21MfQP2Ii72zJM%252CsQZ5YeT0nwqymM%252C_%253BkzOZL4LQHxCW3M%252C0Dn9biPGSy9EvM%252C_%253BUiqY0k0bR7XBVM%252CPuMXDkAl9RSd3M%252C_%253BXZJb-aLFIvOHXM%252Ccsd4Zi7fYvdHiM%252C_%253BJp7CbxcjaEGakM%252CEeTpI3Y3tGw7nM%252C_&usg=AI4_-kRu1J8scZmtQWyhnaysvT-0Kw0oRg&sa=X&ved=2ahUKEwjP85qT9NyWAxXYS0EAHUeUIQcQ7Al6BAgcEAU	Hình ảnh
thang đo likert	3	base.vn	https://base.vn/blog/thang-do-likert/	Thang đo Likert là gì? Tìm hiểu về thang đo Likert 5 mức độ
thang đo likert	4	www.phamlocblog.com	https://www.phamlocblog.com/2026/01/cach-chay-thang-do-likert-spss.html	Cách chạy và xử lý thang đo Likert trong SPSS, AMOS
thang đo likert	5	translate.google.com	https://translate.google.com/translate?u=https://en.wikipedia.org/wiki/Likert_scale&hl=vi&sl=en&tl=vi&client=srp	Thang đo Likert
thang đo likert	6	www.studocu.vn	https://www.studocu.vn/vn/document/truong-dai-hoc-ha-long/quan-tri-dich-vu-du-lich-va-lu-lanh/thang-do-likert-5-va-7/81393170	Khái niệm Thang Đo Likert 5 và 7: Phân tích và Ứng dụng
thang đo likert	7	translate.google.com	https://translate.google.com/translate?u=https://pmc.ncbi.nlm.nih.gov/articles/PMC3886444/&hl=vi&sl=en&tl=vi&client=srp	Phân tích và diễn giải dữ liệu từ thang đo Likert - PMC
thang đo likert	8			
thang đo likert	9	ocd.vn	https://ocd.vn/thang-do-likert-la-gi/	Thang đo Likert là gì? Phân loại, ưu điểm và hạn chế
thang đo likert	10	naue.edu.vn	https://naue.edu.vn/trao-doi-348/thang-do-trong-nghien-cuu-khoa-hoc-7117.aspx	Thang đo trong nghiên cứu khoa học
thang đo likert	11	xulysolieu.info	https://xulysolieu.info/thang-do-likert-5-muc-do-phan-tich-chi-tiet/	Thang đo likert 5 mức độ - Phân tích chi tiết cách sử dụng
thang đo likert	12		https://scholar.google.com.vn/scholar?q=thang+%C4%91o+likert&hl=vi&as_sdt=0&as_vis=1&oi=scholart	Bài viết học thuật cho thang đo likert
thang đo likert	13			
thang đo likert	14	translate.google.com	https://translate.google.com/translate?u=https://www.formpl.us/blog/point-likert-scale&hl=vi&sl=en&tl=vi&client=srp	Thang đo Likert 4, 5 và 7 điểm + [Ví dụ về bảng câu hỏi]
thang đo likert	15	gcs.vn	https://gcs.vn/cach-tao-thang-do-likert-trong-google-form/	Hướng dẫn chi tiết cách tạo thang đo Likert trong Google Forms
thang đo likert	16	translate.google.com	https://translate.google.com/translate?u=https://www.scribbr.com/methodology/likert-scale/&hl=vi&sl=en&tl=vi&client=srp	Thang đo Likert là gì? | Hướng dẫn & Ví dụ
thang đo likert	17	amis.misa.vn	https://amis.misa.vn/281113/thang-do-likert-5-muc-do/	Thang đo Likert 5 mức độ là gì? Cách thiết kế và phân tích
thang đo likert	18	translate.google.com	https://translate.google.com/translate?u=https://www.simplypsychology.org/likert-scale.html&hl=vi&sl=en&tl=vi&client=srp	Bảng câu hỏi thang đo Likert: Ví dụ và phân tích
thang đo likert	19		https://www.google.com/search?sa=N&hl=vi&gl=VN&sca_esv=a39be9d9e408cef3&q=thang+%C4%91o+likert&udm=2&source=univ&fir=Jp7CbxcjaEGakM%252CEeTpI3Y3tGw7nM%252C_%253BLoseFI5h8FlPpM%252CoFlJaUgw0ilyKM%252C_%253BEjDW1qmqEvR-uM%252CQlJKC2HIjCjkuM%252C_%253BFxGQI5pJ_ejhkM%252CI26Yy3vPg_pCkM%252C_%253BiYaRsZzrMkm3lM%252C18I1weiH3z3UuM%252C_%253Bdb2nkndO3Jp4-M%252CsQZ5YeT0nwqymM%252C_%253BT36YV22JLHWX1M%252CncRWaCf3vB1RRM%252C_%253B9sZCyntsNTX7VM%252CqlUxCFZa0JwcmM%252C_%253BaQOUbeNO96joiM%252CPuMXDkAl9RSd3M%252C_&usg=AI4_-kS9E9ndHn-Aujtrgp21xMy9xJvdLg&ved=2ahUKEwj93fCT9NyWAxVfVEEAHehKJ7I4ChDsCXoECBYQBQ	Hình ảnh
thang đo likert	20	phantichspss.com	https://phantichspss.com/tag/thang-do-likert	Thang đo Likert - Hỗ Trợ SPSS - Nhóm MBA Bách Khoa
luận văn tốt nghiệp	1			
luận văn tốt nghiệp	2	sdh.ftu.edu.vn	https://sdh.ftu.edu.vn/dao-tao/thong-tin-luan-van-luan-an/luan-van-thac-si/	Luận văn | Đề án tốt nghiệp Thạc sĩ
luận văn tốt nghiệp	3	www.studocu.vn	https://www.studocu.vn/vn/course/hoc-vien-tai-chinh/luan-van-tot-nghiep/6952914	luận văn tốt nghiệp - 2309 - AOF
luận văn tốt nghiệp	4	sinhvien.dinhtienminh.net	https://sinhvien.dinhtienminh.net/category/khoa-luan-tot-nghiep-luan-van-luan-an/	KHOÁ LUẬN TỐT NGHIỆP - LUẬN VĂN - LUẬN ÁN
luận văn tốt nghiệp	5		https://www.google.com/search?sca_esv=a39be9d9e408cef3&hl=vi&gl=VN&sxsrf=APpeQntvy1vmSb-0chblwDGBDLb2RIrHAA:1788799163089&q=lu%E1%BA%ADn+v%C4%83n+t%E1%BB%91t+nghi%E1%BB%87p&udm=2&source=univ&fir=xAV2S8sqiDPwVM%252CZCVaUcUeN-_NhM%252C_%253BBjSGpS2LaSfFPM%252C8Whu2_UoLh9FhM%252C_%253B3svMSDcui_yvUM%252C8I0M9SLq7Z4yDM%252C_%253BHnlrRXOtfDd7pM%252CP94aG16yrHHWBM%252C_%253BXcZxA3R96NexbM%252CWrvV9qFAiSWmKM%252C_%253BzBg7R4-rQLg5TM%252CsAGb8WVSON53fM%252C_%253Bv1Q7hPH3Z_cT0M%252C1SZEQPBBjonurM%252C_%253BDVl3bKayedekUM%252CFwiDUc3Wz9-XUM%252C_%253BdnLk2xmU2PNSzM%252C_lR7HZrsT1tR_M%252C_&usg=AI4_-kSudKBLNWFsZB2D-csmFtCr_s-Ozg&sa=X&ved=2ahUKEwj-w8KV9NyWAxVCWUEAHawlBAsQ7Al6BAgdEAU	Hình ảnh
luận văn tốt nghiệp	6	www.facebook.com	https://www.facebook.com/sviuh/photos/%C4%91%E1%BB%8Bnh-ngh%C4%A9a-lu%E1%BA%ADn-v%C4%83n-kh%C3%B3a-lu%E1%BA%ADn-b%C3%A1o-c%C3%A1o-ti%E1%BB%83u-lu%E1%BA%ADn-l%C3%A0-g%C3%ACch%E1%BA%AFc-h%E1%BA%B3n-b%E1%BA%A1n-%C4%91ang-h%E1%BB%8Dc-%C4%91%E1%BA%A1i-h/1304665109625492/	Định nghĩa luận văn, khóa luận, báo cáo, tiểu luận... là gì ...
luận văn tốt nghiệp	7	kiemtratailieu.vn	https://kiemtratailieu.vn/blog/khoa-luan-tot-nghiep-la-gi-cau-truc-cua-khoa-luan-tot-nghiep/	Khoá luận tốt nghiệp là gì? Cấu trúc của ...
luận văn tốt nghiệp	8	www.scribd.com	https://www.scribd.com/document/869371446/4-2-VIE-T-LUA-N-VA-N-KHO-A-LUA-N-TO-T-NGHIE-P	4.2. Viết Luận Văn - Khóa Luận Tốt Nghiệp | PDF
luận văn tốt nghiệp	9	luanvan.net.vn	https://luanvan.net.vn/	LuanVan.net.vn
luận văn tốt nghiệp	10	timviec365.vn	https://timviec365.vn/blog/luan-van-la-gi-new6311.html	Luận văn là gì? Cách để viết một bài luận văn chuyên nghiệp
luận văn tốt nghiệp	11			
luận văn tốt nghiệp	12	ump.edu.vn	https://ump.edu.vn/uploads/ckeditor/files/SauDaiHoc_ThongBao/BSNT/TOT%20NGHIEP/4_%20H%C6%AF%E1%BB%9ANG%20D%E1%BA%AAN%20TR%C3%8CNH%20B%C3%80Y%20LU%E1%BA%ACN%20V%C4%82N(1).pdf	hướng dẫn viết và trình bày luận văn
luận văn tốt nghiệp	13	ussh.vnu.edu.vn	https://ussh.vnu.edu.vn/vi/news/khoa-hoc/toa-dam-su-khac-biet-giua-khoa-luan-tot-nghiep-luan-van-luan-an-tien-si-tu-goc-do-phuong-phap-nghien-cuu-khoa-hoc-21436.html	Tọa đàm: Sự khác biệt giữa khóa luận tốt nghiệp, luận văn ...
luận văn tốt nghiệp	14	trithuccongdong.net	https://trithuccongdong.net/hoi-dap/co-nen-lam-luan-van-tot-nghiep-khong.html	Có nên làm luận văn tốt nghiệp không? Giải đáp chi tiết
luận văn tốt nghiệp	15	www.facebook.com	https://www.facebook.com/sdhhanu/posts/b%C3%AD-k%C3%ADp-vi%E1%BA%BFt-lu%E1%BA%ADn-v%C4%83n-%C4%91%E1%BB%83-t%E1%BB%91t-nghi%E1%BB%87p-%C4%91%C3%BAng-h%E1%BA%A1n-d%E1%BB%85-hi%E1%BB%83u-nh%C6%B0-pickleball-m%C3%A0-v%E1%BA%ABn-chu%E1%BA%A9n-/1205104001402431/	BÍ KÍP VIẾT LUẬN VĂN ĐỂ TỐT NGHIỆP ĐÚNG HẠN
luận văn tốt nghiệp	16	luanvan.org	http://luanvan.org/	luận văn
luận văn tốt nghiệp	17	thanhnien.vn	https://thanhnien.vn/luan-van-tot-nghiep-tags777845.html	luận văn tốt nghiệp
luận văn tốt nghiệp	18	insangtao.com.vn	https://insangtao.com.vn/in-photo-scan/in-luan-van?srsltid=AfmBOopyw21GGGeaxEu7pUmSD5K7cLKWYrmnd_IwdJGeRoll9q4Wzdh7	In Luận Văn Tốt Nghiệp
luận văn tốt nghiệp	19	www.scribd.com	https://www.scribd.com/document/812107270/Lu%E1%BA%ADn-V%C4%83n-T%E1%BB%91t-Nghi%E1%BB%87p	Luận Văn Tốt Nghiệp | PDF
luận văn tốt nghiệp	20	www.youtube.com	https://www.youtube.com/watch?v=By7v1tIvSrY	Hướng dẫn trình bày, định dạng Luận văn tốt nghiệp Đại học ...
cỡ mẫu là gì	1			
cỡ mẫu là gì	2	khoahoc.vietjack.com	https://khoahoc.vietjack.com/question/1571035/co-mau-la-el5sa	Cỡ mẫu là
cỡ mẫu là gì	3	khoahoc.vietjack.com	https://khoahoc.vietjack.com/question/1570047/co-mau-la	I. Nhận biết Cỡ mẫu là
cỡ mẫu là gì	4	ub.edu.vn	https://ub.edu.vn/thu-vien-thuat-ngu/co-mau	Cỡ mẫu là gì? | Thư viện thuật ngữ ngân hàng
cỡ mẫu là gì	5	www.facebook.com	https://www.facebook.com/groups/2k11toan9/posts/942375985426005/	"Cỡ mẫu" là gì nhỉ?
cỡ mẫu là gì	6	xulysolieu.info	https://xulysolieu.info/xac-dinh-kich-thuoc-mau-cach-tinh-va-chon-mau/	Xác Định Kích Thước Mẫu: Cách Tính Và Chọn Mẫu Phù ...
cỡ mẫu là gì	7	thuvienphapluat.vn	https://thuvienphapluat.vn/hoi-dap-phap-luat/co-mau-n-la-gi-283903.html	Cỡ mẫu (n) là gì?
cỡ mẫu là gì	8	tudien.dolenglish.vn	https://tudien.dolenglish.vn/co-mau-tieng-anh-la-gi	Cỡ mẫu Tiếng Anh là gì - DOL Dictionary
cỡ mẫu là gì	9	hoidapvietjack.com	https://hoidapvietjack.com/q/1907792/co-mau-la-gi	Cỡ mẫu là gì
cỡ mẫu là gì	10	bvag.com.vn	https://bvag.com.vn/uoc-tinh-co-mau-trong-nghien-cuu-y-hoc/?download=764	ƯỚC TÍNH CỠ MẪU TRONG NGHIÊN CỨU Y HỌC
cỡ mẫu là gì	11			
cỡ mẫu là gì	12	www.phamlocblog.com	https://www.phamlocblog.com/2018/04/xac-dinh-kich-thuoc-mau-trong-nghien-cuu.html	Công thức chọn cỡ mẫu trong EFA và hồi quy
cỡ mẫu là gì	13	www.youtube.com	https://www.youtube.com/watch?v=56sDlti3wjc	Hướng dẫn cách tính cỡ mẫu nghiên cứu | TS.BS.Vũ Duy Kiên
cỡ mẫu là gì	14	www.scribd.com	https://www.scribd.com/presentation/413754081/Cach-tinh-c%E1%BB%A1-m%E1%BA%ABu-Sample-Size-Determination	Cách tính cỡ mẫu - Sample Size Determination | PDF
cỡ mẫu là gì	15	fptshop.com.vn	https://fptshop.com.vn/tin-tuc/danh-gia/co-mau-n-la-gi-189827	Cỡ mẫu (n) là gì? Hé lộ ý nghĩa thật sự của “ ...
cỡ mẫu là gì	16	www.ytecongcong.com	http://www.ytecongcong.com/book_nckh/mau-can-lon-den-muc-nao	Mẫu cần lớn đến mức nào? - Y tế Công cộng
cỡ mẫu là gì	17	thuviennhadat.vn	https://thuviennhadat.vn/phap-luat/co-mau-n-la-gi-597208.html	Cỡ mẫu (n) là gì?
cỡ mẫu là gì	18	www.studocu.vn	https://www.studocu.vn/vn/document/truong-dai-hoc-ngoai-ngu-dai-hoc-quoc-gia-ha-noi/phuong-phap-luan-nghien-cuu-khoa-hoc/phuong-phap-xac-dinh-co-mau/79762899	PHƯƠNG PHÁP TÍNH CỠ MẪU VÀ CÔNG THỨC XÁC ...
cỡ mẫu là gì	19	www.youtube.com	https://www.youtube.com/watch?v=oMMCow3vXiY	Hướng dẫn ước tính cỡ mẫu | TS.BS.Vũ Duy Kiên
cỡ mẫu là gì	20	phantichspss.com	https://phantichspss.com/cong-thuc-xac-dinh-co-mau-bao-nhieu-la-phu-hop-cho-nghien-cuu.html	Công thức xác định cỡ mẫu bao nhiêu là phù hợp cho ...
efa	1			
efa	2	www.phamlocblog.com	https://www.phamlocblog.com/2018/07/phan-tich-nhan-to-kham-pha-efa.html	Phân tích nhân tố khám phá EFA trong SPSS
efa	3	is.duytan.edu.vn	https://is.duytan.edu.vn/study-corner/phan-tich-efa-va-tieu-chi-danh-gia-pm6vw	Phân tích EFA và tiêu chí đánh giá
efa	4	atd.ueh.edu.vn	https://atd.ueh.edu.vn/phan-tich-nhan-to-kham-pha-efa-va-hoi-quy-boi-trong-spss-tu-kiem-dinh-mo-hinh-den-dien-giai-ket-qua-nghien-cuu-khoa-hoc-a322.html	Phân tích nhân tố khám phá (EFA) và hồi quy bội trong SPSS
efa	5	phantichspss.com	https://phantichspss.com/chay-efa-cho-bien-phu-thuoc-factor-analysis.html	Chạy EFA cho biến phụ thuộc Factor Analysis
efa	6			
efa	7	efa.edu.vn	https://efa.edu.vn/	Công ty TNHH Tư Vấn Giáo Dục và Đào Tạo EFA Việt Nam
efa	8	xulysolieu.info	https://xulysolieu.info/efa-la-gi-tim-hieu-ve-phan-tich-nhan-to-kham-pha/	EFA Là Gì? Tìm Hiểu Về Phân Tích Nhân Tố Khám Phá ...
efa	9		https://www.google.com/search?sca_esv=a39be9d9e408cef3&hl=vi&gl=VN&sxsrf=APpeQntLRRK8a9mX3tHLSr94PvmJg0h-RA:1788799161489&q=efa&udm=2&source=univ&fir=e4vEGtx5KWhLgM%252CALpxye29SHrVtM%252C_%253Bbl1O4L-QbWvzRM%252CHcP-4kuUhiMvlM%252C_%253Bf19_9VrpALFb8M%252CMtp7jD0hRgkzfM%252C_%253B9d5DFgdtynx62M%252CwnG02_sAJBaovM%252C_%253BZQbH2HmzzsEUrM%252CHcP-4kuUhiMvlM%252C_%253BoTnBK2ApjbaMjM%252C5U3ajUJyP-lDWM%252C_%253BNQKS7B1W2bpiAM%252CU8OzUKCuCohLtM%252C_%253BOPwQUNNfE1LpoM%252CNMU-1zqNTO99cM%252C_%253BthoqDKUkByU_FM%252CkrQSZxokUO7LGM%252C_&usg=AI4_-kSBuJ7N1dSdJw8aV1TyspuegLVHCg&sa=X&ved=2ahUKEwiR9-CU9NyWAxX9rlYBHQigOTgQ7Al6BAhPEAU	Hình ảnh
efa	10	resdata.com.vn	https://resdata.com.vn/bai-viet/181/ly-thuyet-va-thuc-hanh-phan-tich-nhan-to-kham-pha-efa-trong-spss	Lý thuyết và thực hành phân tích nhân tố khám phá efa ...
efa	11			
efa	12			
efa	13	www.researchgate.net	https://www.researchgate.net/publication/363213896_PHAN_TICH_NHAN_TO_KHAM_PHA_Exploratory_Factor_Analysis_EFA	PHÂN TÍCH NHÂN TỐ KHÁM PHÁ (Exploratory Factor ...
efa	14	www.facebook.com	https://www.facebook.com/efa.edu.vn/?locale=vi_VN	Tư Vấn Du Học EFA Việt Nam | Hanoi
efa	15	www.youtube.com	https://www.youtube.com/watch?v=ZuAi8UizPJU	How to Perform EFA for CFA and SEM Research
efa	16	wms.vn	https://wms.vn/kien-thuc/marketing/phan-tich-nhan-to-kham-pha-efa-la-gi/	Phân tích nhân tố khám phá EFA là gì?
efa	17	mosl.vn	https://mosl.vn/phan-tich-nhan-to-efa-spss-huong-dan/	Phân Tích Nhân Tố Khám Phá EFA Trong SPSS Chi Tiết 2025
efa	18	www.phamlocblog.com	https://www.phamlocblog.com/2015/07/quy-tac-loai-bien-xau-trong-efa.html	Quy tắc loại biến xấu trong phân tích nhân tố khám phá EFA
efa	19	trithuccongdong.net	https://trithuccongdong.net/tai-lieu-spss/phan-tich-nhan-to-kham-pha-efa-trong-spss.html	Tổng Hợp Về Phân Tích Nhân Tố Khám Phá EFA Trong ...
efa	20	www.efa-finance.org	https://www.efa-finance.org/	WWW European Finance Association: Home
hồi quy tuyến tính	1			
hồi quy tuyến tính	2	www.phamlocblog.com	https://www.phamlocblog.com/2016/11/cach-chay-hoi-quy-trong-spss.html	Phân tích và đọc kết quả hồi quy tuyến tính bội trong SPSS
hồi quy tuyến tính	3	developers.google.com	https://developers.google.com/machine-learning/crash-course/linear-regression?hl=vi	Hồi quy tuyến tính | Machine Learning
hồi quy tuyến tính	4	aws.amazon.com	https://aws.amazon.com/vi/what-is/linear-regression/	Hồi quy tuyến tính là gì?
hồi quy tuyến tính	5	viblo.asia	https://viblo.asia/p/linear-regression-hoi-quy-tuyen-tinh-trong-machine-learning-4P856akRlY3	Linear Regression Hồi Quy Tuyến Tính Trong Machine Learning
hồi quy tuyến tính	6	vi.wikipedia.org	https://vi.wikipedia.org/wiki/H%E1%BB%93i_quy_tuy%E1%BA%BFn_t%C3%ADnh	Hồi quy tuyến tính
hồi quy tuyến tính	7	aceacademy.vn	https://aceacademy.vn/phan-tich-hoi-quy-la-gi-ung-dung-hoi-quy-tuyen-tinh-linear-regression/	Phân tích hồi quy là gì? Hướng dẫn ứng dụng Hồi Quy Tuyến ...
hồi quy tuyến tính	8	mosl.vn	https://mosl.vn/hoi-quy-tuyen-tinh-spss-nang-cao/	Hồi Quy Tuyến Tính Trong SPSS Từ Cơ Bản đến Nâng Cao ...
hồi quy tuyến tính	9	www.youtube.com	https://www.youtube.com/watch?v=Vt_HRe9olLs	Hồi Quy Tuyến Tính là gì? | Tổng Quan Nhanh [PODCAST]
hồi quy tuyến tính	10	nghiencuugiaoduc.com.vn	https://nghiencuugiaoduc.com.vn/bai-2-phan-tich-hoi-quy-tuyen-tinh-don-simple-linear-regression/	Bài 2. Phân tích hồi quy tuyến tính đơn (Simple Linear ...
hồi quy tuyến tính	11			
hồi quy tuyến tính	12	vi.d2l.ai	https://vi.d2l.ai/chapter_linear-networks/linear-regression.html	3.1. Hồi quy tuyến tính
hồi quy tuyến tính	13	www.scribd.com	https://www.scribd.com/document/701549662/1-Ho-i-quy-tuye-n-ti-nh	1 Hồi Quy Tuyến Tính | PDF
hồi quy tuyến tính	14	www.studocu.vn	https://www.studocu.vn/vn/document/truong-dai-hoc-kinh-te-dai-hoc-quoc-gia-ha-noi/toan-kinh-te/hoi-quy-tuyen-tinh-la-gi/94065678	Hồi Quy Tuyến Tính: Phương Pháp Dự Đoán Dữ Liệu Hiệu ...
hồi quy tuyến tính	15	bvag.com.vn	https://bvag.com.vn/phan-tich-hoi-qui-tuyen-tinh-da-bien/?download=786	PHÂN TÍCH HỒI QUI TUYẾN TÍNH ĐA BIẾN
hồi quy tuyến tính	16	www.youtube.com	https://www.youtube.com/watch?v=XYhFvl3i0D0	Cách xây dựng phương trình hồi quy tuyến tính y = bx + a
hồi quy tuyến tính	17	knowledge.sapp.edu.vn	https://knowledge.sapp.edu.vn/knowledge/t%E1%BB%95ng-h%E1%BB%A3p-c%C3%A1c-ki%E1%BA%BFn-th%E1%BB%A9c-c%C6%A1-b%E1%BA%A3n-module-1-h%E1%BB%93i-quy-tuy%E1%BA%BFn-t%C3%ADnh-introduction-to-linear-regression	Khái niệm cơ bản về hồi quy đa biến và các giả định cơ ...
hồi quy tuyến tính	18	xulysolieu.info	https://xulysolieu.info/phan-tich-hoi-quy-tuyen-tinh-boi-trong-spss/	Phân tích hồi quy tuyến tính bội trong SPSS
hồi quy tuyến tính	19	interdata.vn	https://interdata.vn/blog/hoi-quy-tuyen-tinh/	Hồi quy tuyến tính là gì? Giải thích toàn tập từ A-Z - InterData
hồi quy tuyến tính	20	www.phamlocblog.com	https://www.phamlocblog.com/2025/02/cach-viet-phuong-trinh-hoi-quy-trong-spss.html	Cách viết phương trình hồi quy tuyến tính trong SPSS
đề tài nghiên cứu khoa học	1			
đề tài nghiên cứu khoa học	2	hcmussh.edu.vn	https://hcmussh.edu.vn/news/item/6562	Cấu trúc một đề tài nghiên cứu khoa học
đề tài nghiên cứu khoa học	3	www.slideshare.net	https://www.slideshare.net/slideshow/200-mu-ti-nghin-cu-khoa-hc-hay-v-n-tng-nht-2022/263266540	200+ MẪU ĐỀ TÀI NGHIÊN CỨU KHOA HỌC HAY VÀ ẤN ...
đề tài nghiên cứu khoa học	4	rces.info	https://rces.info/sinh-vien-kinh-te-nckh/luu-y-khi-dat-ten-de-tai-nghien-cuu/	Lưu ý khi đặt tên đề tài nghiên cứu
đề tài nghiên cứu khoa học	5	benhviendakhoaquangxuong.vn	https://benhviendakhoaquangxuong.vn/web/trang-chu/hoat-dong-nckh/huong-dan-lam-de-tai-nckh.html	HƯỚNG DẪN LÀM ĐỀ TÀI NCKH
đề tài nghiên cứu khoa học	6	cofer.edu.vn	https://cofer.edu.vn/bai-viet/danh-muc-de-tai-nckh-139.html	Đề tài Nghiên cứu khoa học
đề tài nghiên cứu khoa học	7	hvpnvn.edu.vn	https://hvpnvn.edu.vn/cat-cong-tac-sinh-vien/sinh-vien-vwa/luu-ban-nhap-tu-dong-15/	38 đề tài nghiên cứu khoa học sinh viên cấp Học viện
đề tài nghiên cứu khoa học	8			
đề tài nghiên cứu khoa học	9	www.facebook.com	https://www.facebook.com/thayphongdang/posts/c%C3%A1ch-vi%E1%BA%BFt-l%C3%BD-do-ch%E1%BB%8Dn-%C4%91%E1%BB%81-t%C3%A0i-%C4%91%C3%A0y-%C4%91%E1%BB%A7-v%C3%A0-%C4%91%C3%BAng-nckh-thayphongnckhsinhvien-xuhuong/1176247437989407/	Cách viết lý do chọn đề tài đày đủ và đúng #NCKH ...
đề tài nghiên cứu khoa học	10	timviec365.vn	https://timviec365.vn/blog/cach-chon-de-tai-nghien-cuu-khoa-hoc-new14570.html	Cách chọn đề tài nghiên cứu khoa học hữu ích cho sinh viên
đề tài nghiên cứu khoa học	11	www.youtube.com	https://www.youtube.com/watch?v=iO8nHt-L_Mo	QUY TRÌNH TÌM KIẾM TÊN ĐỀ TÀI NGHIÊN CỨU KHOA HỌC ...
đề tài nghiên cứu khoa học	12			
đề tài nghiên cứu khoa học	1			Đề tài nghiên cứu khoa học
đề tài nghiên cứu khoa học	13	www.youtube.com	https://www.youtube.com/watch?v=iO8nHt-L_Mo	QUY TRÌNH TÌM KIẾM TÊN ĐỀ TÀI NGHIÊN CỨU KHOA HỌC ...
đề tài nghiên cứu khoa học	14	www.scribd.com	https://www.scribd.com/document/873957384/Ch%C6%B0%C6%A1ng-2-Hinh-thanh-%C4%91%E1%BB%81-tai-nghien-c%E1%BB%A9u	Chương 2 - Hình thành đề tài nghiên cứu | PDF
đề tài nghiên cứu khoa học	15	vi.wikipedia.org	https://vi.wikipedia.org/wiki/%C4%90%E1%BB%81_t%C3%A0i_nghi%C3%AAn_c%E1%BB%A9u_khoa_h%E1%BB%8Dc	Đề tài nghiên cứu khoa học
đề tài nghiên cứu khoa học	16	tdmu.edu.vn	https://tdmu.edu.vn/tin-tuc/cac-de-tai-nckh-cua-sv/de-tai-nghien-cuu-khoa-hoc-sinh-vien-2023-2024	Đề tài nghiên cứu khoa học sinh viên 2023-2024
đề tài nghiên cứu khoa học	17	rces.info	https://rces.info/sinh-vien-kinh-te-nckh/nhung-nguon-y-tuong-cho-de-tai-nghien-cuu/	Những nguồn ý tưởng cho đề tài nghiên cứu
đề tài nghiên cứu khoa học	18	www.tiktok.com	https://www.tiktok.com/@thayphongnckhsinhvien/video/7339720039995608328	Cách Tìm Kiếm Tên Đề Tài Nghiên Cứu Khoa Học
đề tài nghiên cứu khoa học	19	www.scribd.com	https://www.scribd.com/document/899444066/Ma-u-01-%C4%90E-XUA-T-%C4%90E-TA-I-NGHIE-N-CU-U-KHOA-HO-C-CU-A-SINH-VIE-N	Mẫu 01 - ĐỀ XUẤT ĐỀ TÀI NGHIÊN CỨU KHOA HỌC CỦA ...
